trip_id,arrival_time,departure_time,stop_id,stop_sequence,stop_headsign,pickup_type,drop_off_type
10.T0.13-30-j26-2.13.H,07:18:00,07:18:00,de:09564:1335:13:8,1,,0,0
10.T0.13-30-j26-2.13.H,07:29:00,07:29:00,de:09564:1380:0:1,10,,0,0
10.T0.13-30-j26-2.13.H,07:30:00,07:30:00,de:09564:1398:0:1,11,,0,0
10.T0.13-30-j26-2.13.H,07:31:00,07:31:00,de:09564:1372:0:1,12,,0,0
10.T0.13-30-j26-2.13.H,07:33:00,07:33:00,de:09564:1356:13:2,13,,0,0
10.T0.13-30-j26-2.13.H,07:34:00,07:34:00,de:09564:1354:0:2,14,,0,0
10.T0.13-30-j26-2.13.H,07:35:00,07:35:00,de:09564:1353:0:2,15,,0,0
10.T0.13-30-j26-2.13.H,07:36:00,07:36:00,de:09564:1331:0:11,16,,0,0
10.T0.13-30-j26-2.13.H,07:38:00,07:38:00,de:09564:1351:0:2,17,,0,0
10.T0.13-30-j26-2.13.H,07:39:00,07:39:00,de:09564:1350:0:2,18,,0,0
10.T0.13-30-j26-2.13.H,07:41:00,07:41:00,de:09564:1287:0:3,19,,0,0
10.T0.13-30-j26-2.13.H,07:19:00,07:19:00,de:09564:1326:0:1,2,,0,0
10.T0.13-30-j26-2.13.H,07:43:00,07:43:00,de:09564:1396:0:1,20,,0,0
10.T0.13-30-j26-2.13.H,07:45:00,07:45:00,de:09564:1391:3:6,21,,0,0
10.T0.13-30-j26-2.13.H,07:47:00,07:47:00,de:09564:1400:0:1,22,,0,0
10.T0.13-30-j26-2.13.H,07:49:00,07:49:00,de:09564:1246:0:1,23,,0,0
10.T0.13-30-j26-2.13.H,07:50:00,07:50:00,de:09564:1313:0:1,24,,0,0
10.T0.13-30-j26-2.13.H,07:52:00,07:56:00,de:09564:1283:13:2,25,,0,0
10.T0.13-30-j26-2.13.H,07:59:00,07:59:00,de:09564:1280:0:1,26,,0,0
10.T0.13-30-j26-2.13.H,08:01:00,08:01:00,de:09564:1271:0:1,27,,0,0
10.T0.13-30-j26-2.13.H,08:02:00,08:02:00,de:09564:1274:0:1,28,,0,0
10.T0.13-30-j26-2.13.H,08:03:00,08:03:00,de:09564:1273:0:1,29,,0,0
10.T0.13-30-j26-2.13.H,07:20:00,07:20:00,de:09564:1334:0:1,3,,0,0
10.T0.13-30-j26-2.13.H,08:05:00,08:05:00,de:09564:1303:0:1,30,,0,0
10.T0.13-30-j26-2.13.H,08:11:00,08:11:00,de:09562:3473:0:1,31,,0,0
10.T0.13-30-j26-2.13.H,08:13:00,08:13:00,de:09562:3474:0:1,32,,0,0
10.T0.13-30-j26-2.13.H,08:14:00,08:14:00,de:09562:3475:0:1,33,,0,0
10.T0.13-30-j26-2.13.H,08:15:00,08:15:00,de:09562:3479:0:1,34,,0,0
10.T0.13-30-j26-2.13.H,08:16:00,08:16:00,de:09562:3480:0:1,35,,0,0
10.T0.13-30-j26-2.13.H,08:18:00,08:18:00,de:09562:3152:0:41,36,,0,0
10.T0.13-30-j26-2.13.H,08:20:00,08:20:00,de:09562:3151:0:2,37,,0,0
10.T0.13-30-j26-2.13.H,08:21:00,08:21:00,de:09562:3151:0:3,38,,0,0
10.T0.13-30-j26-2.13.H,07:21:00,07:21:00,de:09564:1333:0:3,4,,0,0
10.T0.13-30-j26-2.13.H,07:23:00,07:23:00,de:09564:1324:3:6,5,,0,0
10.T0.13-30-j26-2.13.H,07:24:00,07:24:00,de:09564:1376:0:1,6,,0,0
10.T0.13-30-j26-2.13.H,07:25:00,07:25:00,de:09564:1375:0:1,7,,0,0
10.T0.13-30-j26-2.13.H,07:27:00,07:27:00,de:09564:1374:0:1,8,,0,0
10.T0.13-30-j26-2.13.H,07:28:00,07:28:00,de:09564:1373:0:1,9,,0,0
10.T0.13-31-j26-1.8.H,07:08:00,07:08:00,de:09564:1324:3:6,1,,0,0
10.T0.13-31-j26-1.8.H,07:09:00,07:09:00,de:09564:1376:0:1,2,,0,0
10.T0.13-31-j26-1.8.H,07:10:00,07:10:00,de:09564:1375:0:1,3,,0,0
10.T0.13-31-j26-1.8.H,07:12:00,07:12:00,de:09564:1374:0:1,4,,0,0
10.T0.13-31-j26-1.8.H,07:13:00,07:13:00,de:09564:1373:0:1,5,,0,0
10.T0.13-43-j26-2.5.H,06:38:00,06:38:00,de:09564:510:3:D,1,,0,0
10.T0.13-43-j26-2.5.H,06:48:00,06:48:00,de:09564:455:0:1,10,,0,0
10.T0.13-43-j26-2.5.H,06:49:00,06:49:00,de:09564:454:0:1,11,,0,0
10.T0.13-43-j26-2.5.H,06:51:00,06:51:00,de:09564:1457:0:1,12,,0,0
10.T0.13-43-j26-2.5.H,06:52:00,06:52:00,de:09564:1458:0:1,13,,0,0
10.T0.13-43-j26-2.5.H,06:53:00,06:53:00,de:09564:1459:0:41,14,,0,0
10.T0.13-43-j26-2.5.H,06:54:00,06:54:00,de:09564:1460:0:1,15,,0,0
10.T0.13-43-j26-2.5.H,06:55:00,06:55:00,de:09564:453:0:41,16,,0,0
10.T0.13-43-j26-2.5.H,06:40:00,06:40:00,de:09564:546:13:1,2,,0,0
10.T0.13-43-j26-2.5.H,06:41:00,06:41:00,de:09564:462:0:1,3,,0,0
10.T0.13-43-j26-2.5.H,06:42:00,06:42:00,de:09564:460:0:1,4,,0,0
10.T0.13-43-j26-2.5.H,06:43:00,06:43:00,de:09564:420:0:3,5,,0,0
10.T0.13-43-j26-2.5.H,06:44:00,06:44:00,de:09564:459:0:1,6,,0,0
10.T0.13-43-j26-2.5.H,06:45:00,06:45:00,de:09564:458:0:1,7,,0,0
10.T0.13-43-j26-2.5.H,06:46:00,06:46:00,de:09564:457:0:1,8,,0,0
10.T0.13-43-j26-2.5.H,06:47:00,06:47:00,de:09564:411:3:1,9,,0,0
10.T0.13-44-j26-2.1.H,07:13:00,07:13:00,de:09564:510:3:D,1,,0,0
10.T0.13-44-j26-2.1.H,07:23:00,07:23:00,de:09564:455:0:1,10,,0,0
10.T0.13-44-j26-2.1.H,07:24:00,07:24:00,de:09564:454:0:1,11,,0,0
10.T0.13-44-j26-2.1.H,07:25:00,07:25:00,de:09564:1457:0:3,12,,0,0
10.T0.13-44-j26-2.1.H,07:26:00,07:26:00,de:09564:1454:0:1,13,,0,0
10.T0.13-44-j26-2.1.H,07:27:00,07:27:00,de:09564:1453:0:1,14,,0,0
10.T0.13-44-j26-2.1.H,07:29:00,07:29:00,de:09564:1452:0:1,15,,0,0
10.T0.13-44-j26-2.1.H,07:30:00,07:30:00,de:09564:1451:0:1,16,,0,0
10.T0.13-44-j26-2.1.H,07:31:00,07:31:00,de:09564:1448:0:1,17,,0,0
10.T0.13-44-j26-2.1.H,07:32:00,07:32:00,de:09564:1446:0:1,18,,0,0
10.T0.13-44-j26-2.1.H,07:39:00,07:39:00,de:09564:261:0:1,19,,0,0
10.T0.13-44-j26-2.1.H,07:15:00,07:15:00,de:09564:546:13:1,2,,0,0
10.T0.13-44-j26-2.1.H,07:40:00,07:40:00,de:09564:1672:0:2,20,,0,0
10.T0.13-44-j26-2.1.H,07:41:00,07:41:00,de:09564:1565:0:2,21,,0,0
10.T0.13-44-j26-2.1.H,07:42:00,07:42:00,de:09564:1566:0:2,22,,0,0
10.T0.13-44-j26-2.1.H,07:44:00,07:44:00,de:09564:1567:3:6,23,,0,0
10.T0.13-44-j26-2.1.H,07:16:00,07:16:00,de:09564:462:0:1,3,,0,0
10.T0.13-44-j26-2.1.H,07:17:00,07:17:00,de:09564:460:0:1,4,,0,0
10.T0.13-44-j26-2.1.H,07:18:00,07:18:00,de:09564:420:0:3,5,,0,0
10.T0.13-44-j26-2.1.H,07:19:00,07:19:00,de:09564:459:0:1,6,,0,0
10.T0.13-44-j26-2.1.H,07:20:00,07:20:00,de:09564:458:0:1,7,,0,0
10.T0.13-44-j26-2.1.H,07:21:00,07:21:00,de:09564:457:0:1,8,,0,0
10.T0.13-44-j26-2.1.H,07:22:00,07:22:00,de:09564:411:3:1,9,,0,0
100.T0.13-44-j26-2.4.R,07:36:00,07:36:00,de:09564:1445:0:1,1,,0,0
100.T0.13-44-j26-2.4.R,07:44:00,07:44:00,de:09564:455:0:2,10,,0,0
100.T0.13-44-j26-2.4.R,07:45:00,07:45:00,de:09564:411:3:2,11,,0,0
100.T0.13-44-j26-2.4.R,07:46:00,07:46:00,de:09564:457:0:2,12,,0,0
100.T0.13-44-j26-2.4.R,07:47:00,07:47:00,de:09564:458:0:2,13,,0,0
100.T0.13-44-j26-2.4.R,07:48:00,07:48:00,de:09564:459:0:2,14,,0,0
100.T0.13-44-j26-2.4.R,07:49:00,07:49:00,de:09564:420:0:4,15,,0,0
100.T0.13-44-j26-2.4.R,07:50:00,07:50:00,de:09564:460:0:2,16,,0,0
100.T0.13-44-j26-2.4.R,07:51:00,07:51:00,de:09564:462:0:2,17,,0,0
100.T0.13-44-j26-2.4.R,07:52:00,07:52:00,de:09564:546:13:2,18,,0,0
100.T0.13-44-j26-2.4.R,07:54:00,07:54:00,de:09564:510:3:D,19,,0,0
100.T0.13-44-j26-2.4.R,07:36:00,07:36:00,de:09564:1446:0:2,2,,0,0
100.T0.13-44-j26-2.4.R,07:37:00,07:37:00,de:09564:1448:0:2,3,,0,0
100.T0.13-44-j26-2.4.R,07:38:00,07:38:00,de:09564:1451:0:2,4,,0,0
100.T0.13-44-j26-2.4.R,07:39:00,07:39:00,de:09564:1452:0:2,5,,0,0
100.T0.13-44-j26-2.4.R,07:40:00,07:40:00,de:09564:1453:0:2,6,,0,0
100.T0.13-44-j26-2.4.R,07:41:00,07:41:00,de:09564:1454:0:2,7,,0,0
100.T0.13-44-j26-2.4.R,07:42:00,07:42:00,de:09564:1457:0:4,8,,0,0
100.T0.13-44-j26-2.4.R,07:43:00,07:43:00,de:09564:454:0:2,9,,0,0
101.T0.13-44-j26-2.3.R,07:55:00,07:55:00,de:09564:1567:3:11,1,,0,0
101.T0.13-44-j26-2.3.R,08:10:00,08:10:00,de:09564:1453:0:2,10,,0,0
101.T0.13-44-j26-2.3.R,08:11:00,08:11:00,de:09564:1454:0:2,11,,0,0
101.T0.13-44-j26-2.3.R,08:12:00,08:12:00,de:09564:1457:0:4,12,,0,0
101.T0.13-44-j26-2.3.R,08:13:00,08:13:00,de:09564:454:0:2,13,,0,0
101.T0.13-44-j26-2.3.R,08:14:00,08:14:00,de:09564:455:0:2,14,,0,0
101.T0.13-44-j26-2.3.R,08:15:00,08:15:00,de:09564:411:3:2,15,,0,0
101.T0.13-44-j26-2.3.R,08:16:00,08:16:00,de:09564:457:0:2,16,,0,0
101.T0.13-44-j26-2.3.R,08:17:00,08:17:00,de:09564:458:0:2,17,,0,0
101.T0.13-44-j26-2.3.R,08:18:00,08:18:00,de:09564:459:0:2,18,,0,0
101.T0.13-44-j26-2.3.R,08:19:00,08:19:00,de:09564:420:0:4,19,,0,0
101.T0.13-44-j26-2.3.R,07:56:00,07:56:00,de:09564:1566:0:1,2,,0,0
101.T0.13-44-j26-2.3.R,08:20:00,08:20:00,de:09564:460:0:2,20,,0,0
101.T0.13-44-j26-2.3.R,08:21:00,08:21:00,de:09564:462:0:2,21,,0,0
101.T0.13-44-j26-2.3.R,08:22:00,08:22:00,de:09564:546:13:2,22,,0,0
101.T0.13-44-j26-2.3.R,08:24:00,08:24:00,de:09564:510:3:D,23,,0,0
101.T0.13-44-j26-2.3.R,07:57:00,07:57:00,de:09564:1565:0:1,3,,0,0
101.T0.13-44-j26-2.3.R,07:58:00,07:58:00,de:09564:1672:0:1,4,,0,0
101.T0.13-44-j26-2.3.R,07:59:00,07:59:00,de:09564:261:0:1,5,,0,0
101.T0.13-44-j26-2.3.R,08:06:00,08:06:00,de:09564:1446:0:2,6,,0,0
101.T0.13-44-j26-2.3.R,08:07:00,08:07:00,de:09564:1448:0:2,7,,0,0
101.T0.13-44-j26-2.3.R,08:08:00,08:08:00,de:09564:1451:0:2,8,,0,0
101.T0.13-44-j26-2.3.R,08:09:00,08:09:00,de:09564:1452:0:2,9,,0,0
102.T0.13-44-j26-2.4.R,07:56:00,07:56:00,de:09564:1445:0:1,1,,0,0
102.T0.13-44-j26-2.4.R,08:04:00,08:04:00,de:09564:455:0:2,10,,0,0
102.T0.13-44-j26-2.4.R,08:05:00,08:05:00,de:09564:411:3:2,11,,0,0
102.T0.13-44-j26-2.4.R,08:06:00,08:06:00,de:09564:457:0:2,12,,0,0
102.T0.13-44-j26-2.4.R,08:07:00,08:07:00,de:09564:458:0:2,13,,0,0
102.T0.13-44-j26-2.4.R,08:08:00,08:08:00,de:09564:459:0:2,14,,0,0
102.T0.13-44-j26-2.4.R,08:09:00,08:09:00,de:09564:420:0:4,15,,0,0
102.T0.13-44-j26-2.4.R,08:10:00,08:10:00,de:09564:460:0:2,16,,0,0
102.T0.13-44-j26-2.4.R,08:11:00,08:11:00,de:09564:462:0:2,17,,0,0
102.T0.13-44-j26-2.4.R,08:12:00,08:12:00,de:09564:546:13:2,18,,0,0
102.T0.13-44-j26-2.4.R,08:14:00,08:14:00,de:09564:510:3:D,19,,0,0
102.T0.13-44-j26-2.4.R,07:56:00,07:56:00,de:09564:1446:0:2,2,,0,0
102.T0.13-44-j26-2.4.R,07:57:00,07:57:00,de:09564:1448:0:2,3,,0,0
102.T0.13-44-j26-2.4.R,07:58:00,07:58:00,de:09564:1451:0:2,4,,0,0
102.T0.13-44-j26-2.4.R,07:59:00,07:59:00,de:09564:1452:0:2,5,,0,0
102.T0.13-44-j26-2.4.R,08:00:00,08:00:00,de:09564:1453:0:2,6,,0,0
102.T0.13-44-j26-2.4.R,08:01:00,08:01:00,de:09564:1454:0:2,7,,0,0
102.T0.13-44-j26-2.4.R,08:02:00,08:02:00,de:09564:1457:0:4,8,,0,0
102.T0.13-44-j26-2.4.R,08:03:00,08:03:00,de:09564:454:0:2,9,,0,0
103.T0.13-43-j26-2.6.R,06:26:00,06:26:00,de:09564:453:0:41,1,,0,0
103.T0.13-43-j26-2.6.R,06:36:00,06:36:00,de:09564:462:0:2,10,,0,0
103.T0.13-43-j26-2.6.R,06:37:00,06:37:00,de:09564:546:13:2,11,,0,0
103.T0.13-43-j26-2.6.R,06:39:00,06:39:00,de:09564:510:3:D,12,,0,0
103.T0.13-43-j26-2.6.R,06:28:00,06:28:00,de:09564:454:0:2,2,,0,0
103.T0.13-43-j26-2.6.R,06:29:00,06:29:00,de:09564:455:0:2,3,,0,0
103.T0.13-43-j26-2.6.R,06:30:00,06:30:00,de:09564:411:3:2,4,,0,0
103.T0.13-43-j26-2.6.R,06:31:00,06:31:00,de:09564:457:0:2,5,,0,0
103.T0.13-43-j26-2.6.R,06:32:00,06:32:00,de:09564:458:0:2,6,,0,0
103.T0.13-43-j26-2.6.R,06:33:00,06:33:00,de:09564:459:0:2,7,,0,0
103.T0.13-43-j26-2.6.R,06:34:00,06:34:00,de:09564:420:0:4,8,,0,0
103.T0.13-43-j26-2.6.R,06:35:00,06:35:00,de:09564:460:0:2,9,,0,0
103.T0.13-44-j26-2.3.R,08:15:00,08:15:00,de:09564:1567:3:11,1,,0,0
103.T0.13-44-j26-2.3.R,08:30:00,08:30:00,de:09564:1453:0:2,10,,0,0
103.T0.13-44-j26-2.3.R,08:31:00,08:31:00,de:09564:1454:0:2,11,,0,0
103.T0.13-44-j26-2.3.R,08:32:00,08:32:00,de:09564:1457:0:4,12,,0,0
103.T0.13-44-j26-2.3.R,08:33:00,08:33:00,de:09564:454:0:2,13,,0,0
103.T0.13-44-j26-2.3.R,08:34:00,08:34:00,de:09564:455:0:2,14,,0,0
103.T0.13-44-j26-2.3.R,08:35:00,08:35:00,de:09564:411:3:2,15,,0,0
103.T0.13-44-j26-2.3.R,08:36:00,08:36:00,de:09564:457:0:2,16,,0,0
103.T0.13-44-j26-2.3.R,08:37:00,08:37:00,de:09564:458:0:2,17,,0,0
103.T0.13-44-j26-2.3.R,08:38:00,08:38:00,de:09564:459:0:2,18,,0,0
103.T0.13-44-j26-2.3.R,08:39:00,08:39:00,de:09564:420:0:4,19,,0,0
103.T0.13-44-j26-2.3.R,08:16:00,08:16:00,de:09564:1566:0:1,2,,0,0
103.T0.13-44-j26-2.3.R,08:40:00,08:40:00,de:09564:460:0:2,20,,0,0
103.T0.13-44-j26-2.3.R,08:41:00,08:41:00,de:09564:462:0:2,21,,0,0
103.T0.13-44-j26-2.3.R,08:42:00,08:42:00,de:09564:546:13:2,22,,0,0
103.T0.13-44-j26-2.3.R,08:44:00,08:44:00,de:09564:510:3:D,23,,0,0
103.T0.13-44-j26-2.3.R,08:17:00,08:17:00,de:09564:1565:0:1,3,,0,0
103.T0.13-44-j26-2.3.R,08:18:00,08:18:00,de:09564:1672:0:1,4,,0,0
103.T0.13-44-j26-2.3.R,08:19:00,08:19:00,de:09564:261:0:1,5,,0,0
103.T0.13-44-j26-2.3.R,08:26:00,08:26:00,de:09564:1446:0:2,6,,0,0
103.T0.13-44-j26-2.3.R,08:27:00,08:27:00,de:09564:1448:0:2,7,,0,0
103.T0.13-44-j26-2.3.R,08:28:00,08:28:00,de:09564:1451:0:2,8,,0,0
103.T0.13-44-j26-2.3.R,08:29:00,08:29:00,de:09564:1452:0:2,9,,0,0
104.T0.13-43-j26-2.6.R,06:36:00,06:36:00,de:09564:453:0:41,1,,0,0
104.T0.13-43-j26-2.6.R,06:46:00,06:46:00,de:09564:462:0:2,10,,0,0
104.T0.13-43-j26-2.6.R,06:47:00,06:47:00,de:09564:546:13:2,11,,0,0
104.T0.13-43-j26-2.6.R,06:49:00,06:49:00,de:09564:510:3:D,12,,0,0
104.T0.13-43-j26-2.6.R,06:38:00,06:38:00,de:09564:454:0:2,2,,0,0
104.T0.13-43-j26-2.6.R,06:39:00,06:39:00,de:09564:455:0:2,3,,0,0
104.T0.13-43-j26-2.6.R,06:40:00,06:40:00,de:09564:411:3:2,4,,0,0
104.T0.13-43-j26-2.6.R,06:41:00,06:41:00,de:09564:457:0:2,5,,0,0
104.T0.13-43-j26-2.6.R,06:42:00,06:42:00,de:09564:458:0:2,6,,0,0
104.T0.13-43-j26-2.6.R,06:43:00,06:43:00,de:09564:459:0:2,7,,0,0
104.T0.13-43-j26-2.6.R,06:44:00,06:44:00,de:09564:420:0:4,8,,0,0
104.T0.13-43-j26-2.6.R,06:45:00,06:45:00,de:09564:460:0:2,9,,0,0
104.T0.13-44-j26-2.4.R,08:16:00,08:16:00,de:09564:1445:0:1,1,,0,0
104.T0.13-44-j26-2.4.R,08:24:00,08:24:00,de:09564:455:0:2,10,,0,0
104.T0.13-44-j26-2.4.R,08:25:00,08:25:00,de:09564:411:3:2,11,,0,0
104.T0.13-44-j26-2.4.R,08:26:00,08:26:00,de:09564:457:0:2,12,,0,0
104.T0.13-44-j26-2.4.R,08:27:00,08:27:00,de:09564:458:0:2,13,,0,0
104.T0.13-44-j26-2.4.R,08:28:00,08:28:00,de:09564:459:0:2,14,,0,0
104.T0.13-44-j26-2.4.R,08:29:00,08:29:00,de:09564:420:0:4,15,,0,0
104.T0.13-44-j26-2.4.R,08:30:00,08:30:00,de:09564:460:0:2,16,,0,0
104.T0.13-44-j26-2.4.R,08:31:00,08:31:00,de:09564:462:0:2,17,,0,0
104.T0.13-44-j26-2.4.R,08:32:00,08:32:00,de:09564:546:13:2,18,,0,0
104.T0.13-44-j26-2.4.R,08:34:00,08:34:00,de:09564:510:3:D,19,,0,0
104.T0.13-44-j26-2.4.R,08:16:00,08:16:00,de:09564:1446:0:2,2,,0,0
104.T0.13-44-j26-2.4.R,08:17:00,08:17:00,de:09564:1448:0:2,3,,0,0
104.T0.13-44-j26-2.4.R,08:18:00,08:18:00,de:09564:1451:0:2,4,,0,0
104.T0.13-44-j26-2.4.R,08:19:00,08:19:00,de:09564:1452:0:2,5,,0,0
104.T0.13-44-j26-2.4.R,08:20:00,08:20:00,de:09564:1453:0:2,6,,0,0
104.T0.13-44-j26-2.4.R,08:21:00,08:21:00,de:09564:1454:0:2,7,,0,0
104.T0.13-44-j26-2.4.R,08:22:00,08:22:00,de:09564:1457:0:4,8,,0,0
104.T0.13-44-j26-2.4.R,08:23:00,08:23:00,de:09564:454:0:2,9,,0,0
105.T0.13-43-j26-2.6.R,06:46:00,06:46:00,de:09564:453:0:41,1,,0,0
105.T0.13-43-j26-2.6.R,06:56:00,06:56:00,de:09564:462:0:2,10,,0,0
105.T0.13-43-j26-2.6.R,06:57:00,06:57:00,de:09564:546:13:2,11,,0,0
105.T0.13-43-j26-2.6.R,06:59:00,06:59:00,de:09564:510:3:D,12,,0,0
105.T0.13-43-j26-2.6.R,06:48:00,06:48:00,de:09564:454:0:2,2,,0,0
105.T0.13-43-j26-2.6.R,06:49:00,06:49:00,de:09564:455:0:2,3,,0,0
105.T0.13-43-j26-2.6.R,06:50:00,06:50:00,de:09564:411:3:2,4,,0,0
105.T0.13-43-j26-2.6.R,06:51:00,06:51:00,de:09564:457:0:2,5,,0,0
105.T0.13-43-j26-2.6.R,06:52:00,06:52:00,de:09564:458:0:2,6,,0,0
105.T0.13-43-j26-2.6.R,06:53:00,06:53:00,de:09564:459:0:2,7,,0,0
105.T0.13-43-j26-2.6.R,06:54:00,06:54:00,de:09564:420:0:4,8,,0,0
105.T0.13-43-j26-2.6.R,06:55:00,06:55:00,de:09564:460:0:2,9,,0,0
105.T0.13-44-j26-2.3.R,08:35:00,08:35:00,de:09564:1567:3:11,1,,0,0
105.T0.13-44-j26-2.3.R,08:50:00,08:50:00,de:09564:1453:0:2,10,,0,0
105.T0.13-44-j26-2.3.R,08:51:00,08:51:00,de:09564:1454:0:2,11,,0,0
105.T0.13-44-j26-2.3.R,08:52:00,08:52:00,de:09564:1457:0:4,12,,0,0
105.T0.13-44-j26-2.3.R,08:53:00,08:53:00,de:09564:454:0:2,13,,0,0
105.T0.13-44-j26-2.3.R,08:54:00,08:54:00,de:09564:455:0:2,14,,0,0
105.T0.13-44-j26-2.3.R,08:55:00,08:55:00,de:09564:411:3:2,15,,0,0
105.T0.13-44-j26-2.3.R,08:56:00,08:56:00,de:09564:457:0:2,16,,0,0
105.T0.13-44-j26-2.3.R,08:57:00,08:57:00,de:09564:458:0:2,17,,0,0
105.T0.13-44-j26-2.3.R,08:58:00,08:58:00,de:09564:459:0:2,18,,0,0
105.T0.13-44-j26-2.3.R,08:59:00,08:59:00,de:09564:420:0:4,19,,0,0
105.T0.13-44-j26-2.3.R,08:36:00,08:36:00,de:09564:1566:0:1,2,,0,0
105.T0.13-44-j26-2.3.R,09:00:00,09:00:00,de:09564:460:0:2,20,,0,0
105.T0.13-44-j26-2.3.R,09:01:00,09:01:00,de:09564:462:0:2,21,,0,0
105.T0.13-44-j26-2.3.R,09:02:00,09:02:00,de:09564:546:13:2,22,,0,0
105.T0.13-44-j26-2.3.R,09:04:00,09:04:00,de:09564:510:3:D,23,,0,0
105.T0.13-44-j26-2.3.R,08:37:00,08:37:00,de:09564:1565:0:1,3,,0,0
105.T0.13-44-j26-2.3.R,08:38:00,08:38:00,de:09564:1672:0:1,4,,0,0
105.T0.13-44-j26-2.3.R,08:39:00,08:39:00,de:09564:261:0:1,5,,0,0
105.T0.13-44-j26-2.3.R,08:46:00,08:46:00,de:09564:1446:0:2,6,,0,0
105.T0.13-44-j26-2.3.R,08:47:00,08:47:00,de:09564:1448:0:2,7,,0,0
105.T0.13-44-j26-2.3.R,08:48:00,08:48:00,de:09564:1451:0:2,8,,0,0
105.T0.13-44-j26-2.3.R,08:49:00,08:49:00,de:09564:1452:0:2,9,,0,0
106.T0.13-43-j26-2.6.R,06:56:00,06:56:00,de:09564:453:0:41,1,,0,0
106.T0.13-43-j26-2.6.R,07:06:00,07:06:00,de:09564:462:0:2,10,,0,0
106.T0.13-43-j26-2.6.R,07:07:00,07:07:00,de:09564:546:13:2,11,,0,0
106.T0.13-43-j26-2.6.R,07:09:00,07:09:00,de:09564:510:3:D,12,,0,0
106.T0.13-43-j26-2.6.R,06:58:00,06:58:00,de:09564:454:0:2,2,,0,0
106.T0.13-43-j26-2.6.R,06:59:00,06:59:00,de:09564:455:0:2,3,,0,0
106.T0.13-43-j26-2.6.R,07:00:00,07:00:00,de:09564:411:3:2,4,,0,0
106.T0.13-43-j26-2.6.R,07:01:00,07:01:00,de:09564:457:0:2,5,,0,0
106.T0.13-43-j26-2.6.R,07:02:00,07:02:00,de:09564:458:0:2,6,,0,0
106.T0.13-43-j26-2.6.R,07:03:00,07:03:00,de:09564:459:0:2,7,,0,0
106.T0.13-43-j26-2.6.R,07:04:00,07:04:00,de:09564:420:0:4,8,,0,0
106.T0.13-43-j26-2.6.R,07:05:00,07:05:00,de:09564:460:0:2,9,,0,0
106.T0.13-44-j26-2.4.R,08:36:00,08:36:00,de:09564:1445:0:1,1,,0,0
106.T0.13-44-j26-2.4.R,08:44:00,08:44:00,de:09564:455:0:2,10,,0,0
106.T0.13-44-j26-2.4.R,08:45:00,08:45:00,de:09564:411:3:2,11,,0,0
106.T0.13-44-j26-2.4.R,08:46:00,08:46:00,de:09564:457:0:2,12,,0,0
106.T0.13-44-j26-2.4.R,08:47:00,08:47:00,de:09564:458:0:2,13,,0,0
106.T0.13-44-j26-2.4.R,08:48:00,08:48:00,de:09564:459:0:2,14,,0,0
106.T0.13-44-j26-2.4.R,08:49:00,08:49:00,de:09564:420:0:4,15,,0,0
106.T0.13-44-j26-2.4.R,08:50:00,08:50:00,de:09564:460:0:2,16,,0,0
106.T0.13-44-j26-2.4.R,08:51:00,08:51:00,de:09564:462:0:2,17,,0,0
106.T0.13-44-j26-2.4.R,08:52:00,08:52:00,de:09564:546:13:2,18,,0,0
106.T0.13-44-j26-2.4.R,08:54:00,08:54:00,de:09564:510:3:D,19,,0,0
106.T0.13-44-j26-2.4.R,08:36:00,08:36:00,de:09564:1446:0:2,2,,0,0
106.T0.13-44-j26-2.4.R,08:37:00,08:37:00,de:09564:1448:0:2,3,,0,0
106.T0.13-44-j26-2.4.R,08:38:00,08:38:00,de:09564:1451:0:2,4,,0,0
106.T0.13-44-j26-2.4.R,08:39:00,08:39:00,de:09564:1452:0:2,5,,0,0
106.T0.13-44-j26-2.4.R,08:40:00,08:40:00,de:09564:1453:0:2,6,,0,0
106.T0.13-44-j26-2.4.R,08:41:00,08:41:00,de:09564:1454:0:2,7,,0,0
106.T0.13-44-j26-2.4.R,08:42:00,08:42:00,de:09564:1457:0:4,8,,0,0
106.T0.13-44-j26-2.4.R,08:43:00,08:43:00,de:09564:454:0:2,9,,0,0
107.T0.13-43-j26-2.6.R,07:06:00,07:06:00,de:09564:453:0:41,1,,0,0
107.T0.13-43-j26-2.6.R,07:16:00,07:16:00,de:09564:462:0:2,10,,0,0
107.T0.13-43-j26-2.6.R,07:17:00,07:17:00,de:09564:546:13:2,11,,0,0
107.T0.13-43-j26-2.6.R,07:19:00,07:19:00,de:09564:510:3:D,12,,0,0
107.T0.13-43-j26-2.6.R,07:08:00,07:08:00,de:09564:454:0:2,2,,0,0
107.T0.13-43-j26-2.6.R,07:09:00,07:09:00,de:09564:455:0:2,3,,0,0
107.T0.13-43-j26-2.6.R,07:10:00,07:10:00,de:09564:411:3:2,4,,0,0
107.T0.13-43-j26-2.6.R,07:11:00,07:11:00,de:09564:457:0:2,5,,0,0
107.T0.13-43-j26-2.6.R,07:12:00,07:12:00,de:09564:458:0:2,6,,0,0
107.T0.13-43-j26-2.6.R,07:13:00,07:13:00,de:09564:459:0:2,7,,0,0
107.T0.13-43-j26-2.6.R,07:14:00,07:14:00,de:09564:420:0:4,8,,0,0
107.T0.13-43-j26-2.6.R,07:15:00,07:15:00,de:09564:460:0:2,9,,0,0
107.T0.13-44-j26-2.3.R,08:55:00,08:55:00,de:09564:1567:3:11,1,,0,0
107.T0.13-44-j26-2.3.R,09:10:00,09:10:00,de:09564:1453:0:2,10,,0,0
107.T0.13-44-j26-2.3.R,09:11:00,09:11:00,de:09564:1454:0:2,11,,0,0
107.T0.13-44-j26-2.3.R,09:12:00,09:12:00,de:09564:1457:0:4,12,,0,0
107.T0.13-44-j26-2.3.R,09:13:00,09:13:00,de:09564:454:0:2,13,,0,0
107.T0.13-44-j26-2.3.R,09:14:00,09:14:00,de:09564:455:0:2,14,,0,0
107.T0.13-44-j26-2.3.R,09:15:00,09:15:00,de:09564:411:3:2,15,,0,0
107.T0.13-44-j26-2.3.R,09:16:00,09:16:00,de:09564:457:0:2,16,,0,0
107.T0.13-44-j26-2.3.R,09:17:00,09:17:00,de:09564:458:0:2,17,,0,0
107.T0.13-44-j26-2.3.R,09:18:00,09:18:00,de:09564:459:0:2,18,,0,0
107.T0.13-44-j26-2.3.R,09:19:00,09:19:00,de:09564:420:0:4,19,,0,0
107.T0.13-44-j26-2.3.R,08:56:00,08:56:00,de:09564:1566:0:1,2,,0,0
107.T0.13-44-j26-2.3.R,09:20:00,09:20:00,de:09564:460:0:2,20,,0,0
107.T0.13-44-j26-2.3.R,09:21:00,09:21:00,de:09564:462:0:2,21,,0,0
107.T0.13-44-j26-2.3.R,09:22:00,09:22:00,de:09564:546:13:2,22,,0,0
107.T0.13-44-j26-2.3.R,09:24:00,09:24:00,de:09564:510:3:D,23,,0,0
107.T0.13-44-j26-2.3.R,08:57:00,08:57:00,de:09564:1565:0:1,3,,0,0
107.T0.13-44-j26-2.3.R,08:58:00,08:58:00,de:09564:1672:0:1,4,,0,0
107.T0.13-44-j26-2.3.R,08:59:00,08:59:00,de:09564:261:0:1,5,,0,0
107.T0.13-44-j26-2.3.R,09:06:00,09:06:00,de:09564:1446:0:2,6,,0,0
107.T0.13-44-j26-2.3.R,09:07:00,09:07:00,de:09564:1448:0:2,7,,0,0
107.T0.13-44-j26-2.3.R,09:08:00,09:08:00,de:09564:1451:0:2,8,,0,0
107.T0.13-44-j26-2.3.R,09:09:00,09:09:00,de:09564:1452:0:2,9,,0,0
108.T0.13-43-j26-2.6.R,07:16:00,07:16:00,de:09564:453:0:41,1,,0,0
108.T0.13-43-j26-2.6.R,07:26:00,07:26:00,de:09564:462:0:2,10,,0,0
108.T0.13-43-j26-2.6.R,07:27:00,07:27:00,de:09564:546:13:2,11,,0,0
108.T0.13-43-j26-2.6.R,07:29:00,07:29:00,de:09564:510:3:D,12,,0,0
108.T0.13-43-j26-2.6.R,07:18:00,07:18:00,de:09564:454:0:2,2,,0,0
108.T0.13-43-j26-2.6.R,07:19:00,07:19:00,de:09564:455:0:2,3,,0,0
108.T0.13-43-j26-2.6.R,07:20:00,07:20:00,de:09564:411:3:2,4,,0,0
108.T0.13-43-j26-2.6.R,07:21:00,07:21:00,de:09564:457:0:2,5,,0,0
108.T0.13-43-j26-2.6.R,07:22:00,07:22:00,de:09564:458:0:2,6,,0,0
108.T0.13-43-j26-2.6.R,07:23:00,07:23:00,de:09564:459:0:2,7,,0,0
108.T0.13-43-j26-2.6.R,07:24:00,07:24:00,de:09564:420:0:4,8,,0,0
108.T0.13-43-j26-2.6.R,07:25:00,07:25:00,de:09564:460:0:2,9,,0,0
108.T0.13-44-j26-2.4.R,08:56:00,08:56:00,de:09564:1445:0:1,1,,0,0
108.T0.13-44-j26-2.4.R,09:04:00,09:04:00,de:09564:455:0:2,10,,0,0
108.T0.13-44-j26-2.4.R,09:05:00,09:05:00,de:09564:411:3:2,11,,0,0
108.T0.13-44-j26-2.4.R,09:06:00,09:06:00,de:09564:457:0:2,12,,0,0
108.T0.13-44-j26-2.4.R,09:07:00,09:07:00,de:09564:458:0:2,13,,0,0
108.T0.13-44-j26-2.4.R,09:08:00,09:08:00,de:09564:459:0:2,14,,0,0
108.T0.13-44-j26-2.4.R,09:09:00,09:09:00,de:09564:420:0:4,15,,0,0
108.T0.13-44-j26-2.4.R,09:10:00,09:10:00,de:09564:460:0:2,16,,0,0
108.T0.13-44-j26-2.4.R,09:11:00,09:11:00,de:09564:462:0:2,17,,0,0
108.T0.13-44-j26-2.4.R,09:12:00,09:12:00,de:09564:546:13:2,18,,0,0
108.T0.13-44-j26-2.4.R,09:14:00,09:14:00,de:09564:510:3:D,19,,0,0
108.T0.13-44-j26-2.4.R,08:56:00,08:56:00,de:09564:1446:0:2,2,,0,0
108.T0.13-44-j26-2.4.R,08:57:00,08:57:00,de:09564:1448:0:2,3,,0,0
108.T0.13-44-j26-2.4.R,08:58:00,08:58:00,de:09564:1451:0:2,4,,0,0
108.T0.13-44-j26-2.4.R,08:59:00,08:59:00,de:09564:1452:0:2,5,,0,0
108.T0.13-44-j26-2.4.R,09:00:00,09:00:00,de:09564:1453:0:2,6,,0,0
108.T0.13-44-j26-2.4.R,09:01:00,09:01:00,de:09564:1454:0:2,7,,0,0
108.T0.13-44-j26-2.4.R,09:02:00,09:02:00,de:09564:1457:0:4,8,,0,0
108.T0.13-44-j26-2.4.R,09:03:00,09:03:00,de:09564:454:0:2,9,,0,0
109.T0.13-43-j26-2.6.R,07:26:00,07:26:00,de:09564:453:0:41,1,,0,0
109.T0.13-43-j26-2.6.R,07:36:00,07:36:00,de:09564:462:0:2,10,,0,0
109.T0.13-43-j26-2.6.R,07:37:00,07:37:00,de:09564:546:13:2,11,,0,0
109.T0.13-43-j26-2.6.R,07:39:00,07:39:00,de:09564:510:3:D,12,,0,0
109.T0.13-43-j26-2.6.R,07:28:00,07:28:00,de:09564:454:0:2,2,,0,0
109.T0.13-43-j26-2.6.R,07:29:00,07:29:00,de:09564:455:0:2,3,,0,0
109.T0.13-43-j26-2.6.R,07:30:00,07:30:00,de:09564:411:3:2,4,,0,0
109.T0.13-43-j26-2.6.R,07:31:00,07:31:00,de:09564:457:0:2,5,,0,0
109.T0.13-43-j26-2.6.R,07:32:00,07:32:00,de:09564:458:0:2,6,,0,0
109.T0.13-43-j26-2.6.R,07:33:00,07:33:00,de:09564:459:0:2,7,,0,0
109.T0.13-43-j26-2.6.R,07:34:00,07:34:00,de:09564:420:0:4,8,,0,0
109.T0.13-43-j26-2.6.R,07:35:00,07:35:00,de:09564:460:0:2,9,,0,0
11.T0.13-30-j26-2.13.H,07:38:00,07:38:00,de:09564:1335:13:8,1,,0,0
11.T0.13-30-j26-2.13.H,07:49:00,07:49:00,de:09564:1380:0:1,10,,0,0
11.T0.13-30-j26-2.13.H,07:50:00,07:50:00,de:09564:1398:0:1,11,,0,0
11.T0.13-30-j26-2.13.H,07:51:00,07:51:00,de:09564:1372:0:1,12,,0,0
11.T0.13-30-j26-2.13.H,07:53:00,07:53:00,de:09564:1356:13:2,13,,0,0
11.T0.13-30-j26-2.13.H,07:54:00,07:54:00,de:09564:1354:0:2,14,,0,0
11.T0.13-30-j26-2.13.H,07:55:00,07:55:00,de:09564:1353:0:2,15,,0,0
11.T0.13-30-j26-2.13.H,07:56:00,07:56:00,de:09564:1331:0:11,16,,0,0
11.T0.13-30-j26-2.13.H,07:58:00,07:58:00,de:09564:1351:0:2,17,,0,0
11.T0.13-30-j26-2.13.H,07:59:00,07:59:00,de:09564:1350:0:2,18,,0,0
11.T0.13-30-j26-2.13.H,08:01:00,08:01:00,de:09564:1287:0:3,19,,0,0
11.T0.13-30-j26-2.13.H,07:39:00,07:39:00,de:09564:1326:0:1,2,,0,0
11.T0.13-30-j26-2.13.H,08:03:00,08:03:00,de:09564:1396:0:1,20,,0,0
11.T0.13-30-j26-2.13.H,08:05:00,08:05:00,de:09564:1391:3:6,21,,0,0
11.T0.13-30-j26-2.13.H,08:07:00,08:07:00,de:09564:1400:0:1,22,,0,0
11.T0.13-30-j26-2.13.H,08:09:00,08:09:00,de:09564:1246:0:1,23,,0,0
11.T0.13-30-j26-2.13.H,08:10:00,08:10:00,de:09564:1313:0:1,24,,0,0
11.T0.13-30-j26-2.13.H,08:12:00,08:16:00,de:09564:1283:13:2,25,,0,0
11.T0.13-30-j26-2.13.H,08:19:00,08:19:00,de:09564:1280:0:1,26,,0,0
11.T0.13-30-j26-2.13.H,08:21:00,08:21:00,de:09564:1271:0:1,27,,0,0
11.T0.13-30-j26-2.13.H,08:22:00,08:22:00,de:09564:1274:0:1,28,,0,0
11.T0.13-30-j26-2.13.H,08:23:00,08:23:00,de:09564:1273:0:1,29,,0,0
11.T0.13-30-j26-2.13.H,07:40:00,07:40:00,de:09564:1334:0:1,3,,0,0
11.T0.13-30-j26-2.13.H,08:25:00,08:25:00,de:09564:1303:0:1,30,,0,0
11.T0.13-30-j26-2.13.H,08:31:00,08:31:00,de:09562:3473:0:1,31,,0,0
11.T0.13-30-j26-2.13.H,08:33:00,08:33:00,de:09562:3474:0:1,32,,0,0
11.T0.13-30-j26-2.13.H,08:34:00,08:34:00,de:09562:3475:0:1,33,,0,0
11.T0.13-30-j26-2.13.H,08:35:00,08:35:00,de:09562:3479:0:1,34,,0,0
11.T0.13-30-j26-2.13.H,08:36:00,08:36:00,de:09562:3480:0:1,35,,0,0
11.T0.13-30-j26-2.13.H,08:38:00,08:38:00,de:09562:3152:0:41,36,,0,0
11.T0.13-30-j26-2.13.H,08:40:00,08:40:00,de:09562:3151:0:2,37,,0,0
11.T0.13-30-j26-2.13.H,08:41:00,08:41:00,de:09562:3151:0:3,38,,0,0
11.T0.13-30-j26-2.13.H,07:41:00,07:41:00,de:09564:1333:0:3,4,,0,0
11.T0.13-30-j26-2.13.H,07:43:00,07:43:00,de:09564:1324:3:6,5,,0,0
11.T0.13-30-j26-2.13.H,07:44:00,07:44:00,de:09564:1376:0:1,6,,0,0
11.T0.13-30-j26-2.13.H,07:45:00,07:45:00,de:09564:1375:0:1,7,,0,0
11.T0.13-30-j26-2.13.H,07:47:00,07:47:00,de:09564:1374:0:1,8,,0,0
11.T0.13-30-j26-2.13.H,07:48:00,07:48:00,de:09564:1373:0:1,9,,0,0
11.T0.13-31-j26-1.7.H,07:13:00,07:13:00,de:09564:1324:3:6,1,,0,0
11.T0.13-31-j26-1.7.H,07:24:00,07:24:00,de:09564:1354:0:2,10,,0,0
11.T0.13-31-j26-1.7.H,07:25:00,07:25:00,de:09564:1353:0:2,11,,0,0
11.T0.13-31-j26-1.7.H,07:26:00,07:26:00,de:09564:1331:0:11,12,,0,0
11.T0.13-31-j26-1.7.H,07:28:00,07:28:00,de:09564:1351:0:2,13,,0,0
11.T0.13-31-j26-1.7.H,07:29:00,07:29:00,de:09564:1350:0:2,14,,0,0
11.T0.13-31-j26-1.7.H,07:31:00,07:31:00,de:09564:1322:0:1,15,,0,0
11.T0.13-31-j26-1.7.H,07:33:00,07:33:00,de:09564:1301:13:3,16,,0,0
11.T0.13-31-j26-1.7.H,07:35:00,07:35:00,de:09564:1302:0:1,17,,0,0
11.T0.13-31-j26-1.7.H,07:36:00,07:36:00,de:09564:1296:0:1,18,,0,0
11.T0.13-31-j26-1.7.H,07:39:00,07:40:00,de:09564:1283:13:2,19,,0,0
11.T0.13-31-j26-1.7.H,07:14:00,07:14:00,de:09564:1376:0:1,2,,0,0
11.T0.13-31-j26-1.7.H,07:43:00,07:43:00,de:09564:1281:0:1,20,,0,0
11.T0.13-31-j26-1.7.H,07:44:00,07:44:00,de:09564:1305:0:1,21,,0,0
11.T0.13-31-j26-1.7.H,07:45:00,07:45:00,de:09564:1280:0:3,22,,0,0
11.T0.13-31-j26-1.7.H,07:47:00,07:47:00,de:09564:1279:0:1,23,,0,0
11.T0.13-31-j26-1.7.H,07:48:00,07:48:00,de:09564:1278:0:1,24,,0,0
11.T0.13-31-j26-1.7.H,07:49:00,07:49:00,de:09564:1277:0:1,25,,0,0
11.T0.13-31-j26-1.7.H,07:51:00,07:51:00,de:09564:1276:0:1,26,,0,0
11.T0.13-31-j26-1.7.H,07:52:00,07:52:00,de:09564:1275:0:41,27,,0,0
11.T0.13-31-j26-1.7.H,07:54:00,07:54:00,de:09564:1241:0:1,28,,0,0
11.T0.13-31-j26-1.7.H,07:55:00,07:55:00,de:09564:1242:0:1,29,,0,0
11.T0.13-31-j26-1.7.H,07:15:00,07:15:00,de:09564:1375:0:1,3,,0,0
11.T0.13-31-j26-1.7.H,07:57:00,07:57:00,de:09564:1274:0:2,30,,0,0
11.T0.13-31-j26-1.7.H,07:59:00,07:59:00,de:09564:1271:0:3,31,,0,0
11.T0.13-31-j26-1.7.H,08:00:00,08:00:00,de:09564:1270:0:1,32,,0,0
11.T0.13-31-j26-1.7.H,08:01:00,08:01:00,de:09564:1244:0:1,33,,0,0
11.T0.13-31-j26-1.7.H,08:02:00,08:02:00,de:09564:1308:0:1,34,,0,0
11.T0.13-31-j26-1.7.H,08:03:00,08:03:00,de:09564:1209:0:2,35,,0,0
11.T0.13-31-j26-1.7.H,08:04:00,08:04:00,de:09564:1263:0:1,36,,0,0
11.T0.13-31-j26-1.7.H,08:05:00,08:05:00,de:09564:1262:0:1,37,,0,0
11.T0.13-31-j26-1.7.H,08:06:00,08:06:00,de:09564:1261:0:1,38,,0,0
11.T0.13-31-j26-1.7.H,07:17:00,07:17:00,de:09564:1374:0:1,4,,0,0
11.T0.13-31-j26-1.7.H,07:18:00,07:18:00,de:09564:1373:0:1,5,,0,0
11.T0.13-31-j26-1.7.H,07:19:00,07:19:00,de:09564:1380:0:1,6,,0,0
11.T0.13-31-j26-1.7.H,07:20:00,07:20:00,de:09564:1398:0:1,7,,0,0
11.T0.13-31-j26-1.7.H,07:21:00,07:21:00,de:09564:1372:0:1,8,,0,0
11.T0.13-31-j26-1.7.H,07:23:00,07:23:00,de:09564:1356:13:2,9,,0,0
11.T0.13-43-j26-2.5.H,06:48:00,06:48:00,de:09564:510:3:D,1,,0,0
11.T0.13-43-j26-2.5.H,06:58:00,06:58:00,de:09564:455:0:1,10,,0,0
11.T0.13-43-j26-2.5.H,06:59:00,06:59:00,de:09564:454:0:1,11,,0,0
11.T0.13-43-j26-2.5.H,07:01:00,07:01:00,de:09564:1457:0:1,12,,0,0
11.T0.13-43-j26-2.5.H,07:02:00,07:02:00,de:09564:1458:0:1,13,,0,0
11.T0.13-43-j26-2.5.H,07:03:00,07:03:00,de:09564:1459:0:41,14,,0,0
11.T0.13-43-j26-2.5.H,07:04:00,07:04:00,de:09564:1460:0:1,15,,0,0
11.T0.13-43-j26-2.5.H,07:05:00,07:05:00,de:09564:453:0:41,16,,0,0
11.T0.13-43-j26-2.5.H,06:50:00,06:50:00,de:09564:546:13:1,2,,0,0
11.T0.13-43-j26-2.5.H,06:51:00,06:51:00,de:09564:462:0:1,3,,0,0
11.T0.13-43-j26-2.5.H,06:52:00,06:52:00,de:09564:460:0:1,4,,0,0
11.T0.13-43-j26-2.5.H,06:53:00,06:53:00,de:09564:420:0:3,5,,0,0
11.T0.13-43-j26-2.5.H,06:54:00,06:54:00,de:09564:459:0:1,6,,0,0
11.T0.13-43-j26-2.5.H,06:55:00,06:55:00,de:09564:458:0:1,7,,0,0
11.T0.13-43-j26-2.5.H,06:56:00,06:56:00,de:09564:457:0:1,8,,0,0
11.T0.13-43-j26-2.5.H,06:57:00,06:57:00,de:09564:411:3:1,9,,0,0
11.T0.13-44-j26-2.2.H,07:23:00,07:23:00,de:09564:510:3:D,1,,0,0
11.T0.13-44-j26-2.2.H,07:33:00,07:33:00,de:09564:455:0:1,10,,0,0
11.T0.13-44-j26-2.2.H,07:34:00,07:34:00,de:09564:454:0:1,11,,0,0
11.T0.13-44-j26-2.2.H,07:35:00,07:35:00,de:09564:1457:0:3,12,,0,0
11.T0.13-44-j26-2.2.H,07:36:00,07:36:00,de:09564:1454:0:1,13,,0,0
11.T0.13-44-j26-2.2.H,07:37:00,07:37:00,de:09564:1453:0:1,14,,0,0
11.T0.13-44-j26-2.2.H,07:39:00,07:39:00,de:09564:1452:0:1,15,,0,0
11.T0.13-44-j26-2.2.H,07:40:00,07:40:00,de:09564:1451:0:1,16,,0,0
11.T0.13-44-j26-2.2.H,07:41:00,07:41:00,de:09564:1448:0:1,17,,0,0
11.T0.13-44-j26-2.2.H,07:42:00,07:42:00,de:09564:1446:0:1,18,,0,0
11.T0.13-44-j26-2.2.H,07:43:00,07:43:00,de:09564:1445:0:1,19,,0,0
11.T0.13-44-j26-2.2.H,07:25:00,07:25:00,de:09564:546:13:1,2,,0,0
11.T0.13-44-j26-2.2.H,07:26:00,07:26:00,de:09564:462:0:1,3,,0,0
11.T0.13-44-j26-2.2.H,07:27:00,07:27:00,de:09564:460:0:1,4,,0,0
11.T0.13-44-j26-2.2.H,07:28:00,07:28:00,de:09564:420:0:3,5,,0,0
11.T0.13-44-j26-2.2.H,07:29:00,07:29:00,de:09564:459:0:1,6,,0,0
11.T0.13-44-j26-2.2.H,07:30:00,07:30:00,de:09564:458:0:1,7,,0,0
11.T0.13-44-j26-2.2.H,07:31:00,07:31:00,de:09564:457:0:1,8,,0,0
11.T0.13-44-j26-2.2.H,07:32:00,07:32:00,de:09564:411:3:1,9,,0,0
110.T0.13-43-j26-2.6.R,07:36:00,07:36:00,de:09564:453:0:41,1,,0,0
110.T0.13-43-j26-2.6.R,07:46:00,07:46:00,de:09564:462:0:2,10,,0,0
110.T0.13-43-j26-2.6.R,07:47:00,07:47:00,de:09564:546:13:2,11,,0,0
110.T0.13-43-j26-2.6.R,07:49:00,07:49:00,de:09564:510:3:D,12,,0,0
110.T0.13-43-j26-2.6.R,07:38:00,07:38:00,de:09564:454:0:2,2,,0,0
110.T0.13-43-j26-2.6.R,07:39:00,07:39:00,de:09564:455:0:2,3,,0,0
110.T0.13-43-j26-2.6.R,07:40:00,07:40:00,de:09564:411:3:2,4,,0,0
110.T0.13-43-j26-2.6.R,07:41:00,07:41:00,de:09564:457:0:2,5,,0,0
110.T0.13-43-j26-2.6.R,07:42:00,07:42:00,de:09564:458:0:2,6,,0,0
110.T0.13-43-j26-2.6.R,07:43:00,07:43:00,de:09564:459:0:2,7,,0,0
110.T0.13-43-j26-2.6.R,07:44:00,07:44:00,de:09564:420:0:4,8,,0,0
110.T0.13-43-j26-2.6.R,07:45:00,07:45:00,de:09564:460:0:2,9,,0,0
111.T0.13-43-j26-2.6.R,07:46:00,07:46:00,de:09564:453:0:41,1,,0,0
111.T0.13-43-j26-2.6.R,07:56:00,07:56:00,de:09564:462:0:2,10,,0,0
111.T0.13-43-j26-2.6.R,07:57:00,07:57:00,de:09564:546:13:2,11,,0,0
111.T0.13-43-j26-2.6.R,07:59:00,07:59:00,de:09564:510:3:D,12,,0,0
111.T0.13-43-j26-2.6.R,07:48:00,07:48:00,de:09564:454:0:2,2,,0,0
111.T0.13-43-j26-2.6.R,07:49:00,07:49:00,de:09564:455:0:2,3,,0,0
111.T0.13-43-j26-2.6.R,07:50:00,07:50:00,de:09564:411:3:2,4,,0,0
111.T0.13-43-j26-2.6.R,07:51:00,07:51:00,de:09564:457:0:2,5,,0,0
111.T0.13-43-j26-2.6.R,07:52:00,07:52:00,de:09564:458:0:2,6,,0,0
111.T0.13-43-j26-2.6.R,07:53:00,07:53:00,de:09564:459:0:2,7,,0,0
111.T0.13-43-j26-2.6.R,07:54:00,07:54:00,de:09564:420:0:4,8,,0,0
111.T0.13-43-j26-2.6.R,07:55:00,07:55:00,de:09564:460:0:2,9,,0,0
112.T0.13-43-j26-2.6.R,07:56:00,07:56:00,de:09564:453:0:41,1,,0,0
112.T0.13-43-j26-2.6.R,08:06:00,08:06:00,de:09564:462:0:2,10,,0,0
112.T0.13-43-j26-2.6.R,08:07:00,08:07:00,de:09564:546:13:2,11,,0,0
112.T0.13-43-j26-2.6.R,08:09:00,08:09:00,de:09564:510:3:D,12,,0,0
112.T0.13-43-j26-2.6.R,07:58:00,07:58:00,de:09564:454:0:2,2,,0,0
112.T0.13-43-j26-2.6.R,07:59:00,07:59:00,de:09564:455:0:2,3,,0,0
112.T0.13-43-j26-2.6.R,08:00:00,08:00:00,de:09564:411:3:2,4,,0,0
112.T0.13-43-j26-2.6.R,08:01:00,08:01:00,de:09564:457:0:2,5,,0,0
112.T0.13-43-j26-2.6.R,08:02:00,08:02:00,de:09564:458:0:2,6,,0,0
112.T0.13-43-j26-2.6.R,08:03:00,08:03:00,de:09564:459:0:2,7,,0,0
112.T0.13-43-j26-2.6.R,08:04:00,08:04:00,de:09564:420:0:4,8,,0,0
112.T0.13-43-j26-2.6.R,08:05:00,08:05:00,de:09564:460:0:2,9,,0,0
113.T0.13-43-j26-2.6.R,08:06:00,08:06:00,de:09564:453:0:41,1,,0,0
113.T0.13-43-j26-2.6.R,08:16:00,08:16:00,de:09564:462:0:2,10,,0,0
113.T0.13-43-j26-2.6.R,08:17:00,08:17:00,de:09564:546:13:2,11,,0,0
113.T0.13-43-j26-2.6.R,08:19:00,08:19:00,de:09564:510:3:D,12,,0,0
113.T0.13-43-j26-2.6.R,08:08:00,08:08:00,de:09564:454:0:2,2,,0,0
113.T0.13-43-j26-2.6.R,08:09:00,08:09:00,de:09564:455:0:2,3,,0,0
113.T0.13-43-j26-2.6.R,08:10:00,08:10:00,de:09564:411:3:2,4,,0,0
113.T0.13-43-j26-2.6.R,08:11:00,08:11:00,de:09564:457:0:2,5,,0,0
113.T0.13-43-j26-2.6.R,08:12:00,08:12:00,de:09564:458:0:2,6,,0,0
113.T0.13-43-j26-2.6.R,08:13:00,08:13:00,de:09564:459:0:2,7,,0,0
113.T0.13-43-j26-2.6.R,08:14:00,08:14:00,de:09564:420:0:4,8,,0,0
113.T0.13-43-j26-2.6.R,08:15:00,08:15:00,de:09564:460:0:2,9,,0,0
114.T0.13-43-j26-2.6.R,08:16:00,08:16:00,de:09564:453:0:41,1,,0,0
114.T0.13-43-j26-2.6.R,08:26:00,08:26:00,de:09564:462:0:2,10,,0,0
114.T0.13-43-j26-2.6.R,08:27:00,08:27:00,de:09564:546:13:2,11,,0,0
114.T0.13-43-j26-2.6.R,08:29:00,08:29:00,de:09564:510:3:D,12,,0,0
114.T0.13-43-j26-2.6.R,08:18:00,08:18:00,de:09564:454:0:2,2,,0,0
114.T0.13-43-j26-2.6.R,08:19:00,08:19:00,de:09564:455:0:2,3,,0,0
114.T0.13-43-j26-2.6.R,08:20:00,08:20:00,de:09564:411:3:2,4,,0,0
114.T0.13-43-j26-2.6.R,08:21:00,08:21:00,de:09564:457:0:2,5,,0,0
114.T0.13-43-j26-2.6.R,08:22:00,08:22:00,de:09564:458:0:2,6,,0,0
114.T0.13-43-j26-2.6.R,08:23:00,08:23:00,de:09564:459:0:2,7,,0,0
114.T0.13-43-j26-2.6.R,08:24:00,08:24:00,de:09564:420:0:4,8,,0,0
114.T0.13-43-j26-2.6.R,08:25:00,08:25:00,de:09564:460:0:2,9,,0,0
115.T0.13-43-j26-2.6.R,08:26:00,08:26:00,de:09564:453:0:41,1,,0,0
115.T0.13-43-j26-2.6.R,08:36:00,08:36:00,de:09564:462:0:2,10,,0,0
115.T0.13-43-j26-2.6.R,08:37:00,08:37:00,de:09564:546:13:2,11,,0,0
115.T0.13-43-j26-2.6.R,08:39:00,08:39:00,de:09564:510:3:D,12,,0,0
115.T0.13-43-j26-2.6.R,08:28:00,08:28:00,de:09564:454:0:2,2,,0,0
115.T0.13-43-j26-2.6.R,08:29:00,08:29:00,de:09564:455:0:2,3,,0,0
115.T0.13-43-j26-2.6.R,08:30:00,08:30:00,de:09564:411:3:2,4,,0,0
115.T0.13-43-j26-2.6.R,08:31:00,08:31:00,de:09564:457:0:2,5,,0,0
115.T0.13-43-j26-2.6.R,08:32:00,08:32:00,de:09564:458:0:2,6,,0,0
115.T0.13-43-j26-2.6.R,08:33:00,08:33:00,de:09564:459:0:2,7,,0,0
115.T0.13-43-j26-2.6.R,08:34:00,08:34:00,de:09564:420:0:4,8,,0,0
115.T0.13-43-j26-2.6.R,08:35:00,08:35:00,de:09564:460:0:2,9,,0,0
116.T0.13-43-j26-2.6.R,08:36:00,08:36:00,de:09564:453:0:41,1,,0,0
116.T0.13-43-j26-2.6.R,08:46:00,08:46:00,de:09564:462:0:2,10,,0,0
116.T0.13-43-j26-2.6.R,08:47:00,08:47:00,de:09564:546:13:2,11,,0,0
116.T0.13-43-j26-2.6.R,08:49:00,08:49:00,de:09564:510:3:D,12,,0,0
116.T0.13-43-j26-2.6.R,08:38:00,08:38:00,de:09564:454:0:2,2,,0,0
116.T0.13-43-j26-2.6.R,08:39:00,08:39:00,de:09564:455:0:2,3,,0,0
116.T0.13-43-j26-2.6.R,08:40:00,08:40:00,de:09564:411:3:2,4,,0,0
116.T0.13-43-j26-2.6.R,08:41:00,08:41:00,de:09564:457:0:2,5,,0,0
116.T0.13-43-j26-2.6.R,08:42:00,08:42:00,de:09564:458:0:2,6,,0,0
116.T0.13-43-j26-2.6.R,08:43:00,08:43:00,de:09564:459:0:2,7,,0,0
116.T0.13-43-j26-2.6.R,08:44:00,08:44:00,de:09564:420:0:4,8,,0,0
116.T0.13-43-j26-2.6.R,08:45:00,08:45:00,de:09564:460:0:2,9,,0,0
117.T0.13-43-j26-2.6.R,08:46:00,08:46:00,de:09564:453:0:41,1,,0,0
117.T0.13-43-j26-2.6.R,08:56:00,08:56:00,de:09564:462:0:2,10,,0,0
117.T0.13-43-j26-2.6.R,08:57:00,08:57:00,de:09564:546:13:2,11,,0,0
117.T0.13-43-j26-2.6.R,08:59:00,08:59:00,de:09564:510:3:D,12,,0,0
117.T0.13-43-j26-2.6.R,08:48:00,08:48:00,de:09564:454:0:2,2,,0,0
117.T0.13-43-j26-2.6.R,08:49:00,08:49:00,de:09564:455:0:2,3,,0,0
117.T0.13-43-j26-2.6.R,08:50:00,08:50:00,de:09564:411:3:2,4,,0,0
117.T0.13-43-j26-2.6.R,08:51:00,08:51:00,de:09564:457:0:2,5,,0,0
117.T0.13-43-j26-2.6.R,08:52:00,08:52:00,de:09564:458:0:2,6,,0,0
117.T0.13-43-j26-2.6.R,08:53:00,08:53:00,de:09564:459:0:2,7,,0,0
117.T0.13-43-j26-2.6.R,08:54:00,08:54:00,de:09564:420:0:4,8,,0,0
117.T0.13-43-j26-2.6.R,08:55:00,08:55:00,de:09564:460:0:2,9,,0,0
118.T0.13-43-j26-2.6.R,08:56:00,08:56:00,de:09564:453:0:41,1,,0,0
118.T0.13-43-j26-2.6.R,09:06:00,09:06:00,de:09564:462:0:2,10,,0,0
118.T0.13-43-j26-2.6.R,09:07:00,09:07:00,de:09564:546:13:2,11,,0,0
118.T0.13-43-j26-2.6.R,09:09:00,09:09:00,de:09564:510:3:D,12,,0,0
118.T0.13-43-j26-2.6.R,08:58:00,08:58:00,de:09564:454:0:2,2,,0,0
118.T0.13-43-j26-2.6.R,08:59:00,08:59:00,de:09564:455:0:2,3,,0,0
118.T0.13-43-j26-2.6.R,09:00:00,09:00:00,de:09564:411:3:2,4,,0,0
118.T0.13-43-j26-2.6.R,09:01:00,09:01:00,de:09564:457:0:2,5,,0,0
118.T0.13-43-j26-2.6.R,09:02:00,09:02:00,de:09564:458:0:2,6,,0,0
118.T0.13-43-j26-2.6.R,09:03:00,09:03:00,de:09564:459:0:2,7,,0,0
118.T0.13-43-j26-2.6.R,09:04:00,09:04:00,de:09564:420:0:4,8,,0,0
118.T0.13-43-j26-2.6.R,09:05:00,09:05:00,de:09564:460:0:2,9,,0,0
12.T0.13-30-j26-2.13.H,07:58:00,07:58:00,de:09564:1335:13:8,1,,0,0
12.T0.13-30-j26-2.13.H,08:09:00,08:09:00,de:09564:1380:0:1,10,,0,0
12.T0.13-30-j26-2.13.H,08:10:00,08:10:00,de:09564:1398:0:1,11,,0,0
12.T0.13-30-j26-2.13.H,08:11:00,08:11:00,de:09564:1372:0:1,12,,0,0
12.T0.13-30-j26-2.13.H,08:13:00,08:13:00,de:09564:1356:13:2,13,,0,0
12.T0.13-30-j26-2.13.H,08:14:00,08:14:00,de:09564:1354:0:2,14,,0,0
12.T0.13-30-j26-2.13.H,08:15:00,08:15:00,de:09564:1353:0:2,15,,0,0
12.T0.13-30-j26-2.13.H,08:16:00,08:16:00,de:09564:1331:0:11,16,,0,0
12.T0.13-30-j26-2.13.H,08:18:00,08:18:00,de:09564:1351:0:2,17,,0,0
12.T0.13-30-j26-2.13.H,08:19:00,08:19:00,de:09564:1350:0:2,18,,0,0
12.T0.13-30-j26-2.13.H,08:21:00,08:21:00,de:09564:1287:0:3,19,,0,0
12.T0.13-30-j26-2.13.H,07:59:00,07:59:00,de:09564:1326:0:1,2,,0,0
12.T0.13-30-j26-2.13.H,08:23:00,08:23:00,de:09564:1396:0:1,20,,0,0
12.T0.13-30-j26-2.13.H,08:25:00,08:25:00,de:09564:1391:3:6,21,,0,0
12.T0.13-30-j26-2.13.H,08:27:00,08:27:00,de:09564:1400:0:1,22,,0,0
12.T0.13-30-j26-2.13.H,08:29:00,08:29:00,de:09564:1246:0:1,23,,0,0
12.T0.13-30-j26-2.13.H,08:30:00,08:30:00,de:09564:1313:0:1,24,,0,0
12.T0.13-30-j26-2.13.H,08:32:00,08:36:00,de:09564:1283:13:2,25,,0,0
12.T0.13-30-j26-2.13.H,08:39:00,08:39:00,de:09564:1280:0:1,26,,0,0
12.T0.13-30-j26-2.13.H,08:41:00,08:41:00,de:09564:1271:0:1,27,,0,0
12.T0.13-30-j26-2.13.H,08:42:00,08:42:00,de:09564:1274:0:1,28,,0,0
12.T0.13-30-j26-2.13.H,08:43:00,08:43:00,de:09564:1273:0:1,29,,0,0
12.T0.13-30-j26-2.13.H,08:00:00,08:00:00,de:09564:1334:0:1,3,,0,0
12.T0.13-30-j26-2.13.H,08:45:00,08:45:00,de:09564:1303:0:1,30,,0,0
12.T0.13-30-j26-2.13.H,08:51:00,08:51:00,de:09562:3473:0:1,31,,0,0
12.T0.13-30-j26-2.13.H,08:53:00,08:53:00,de:09562:3474:0:1,32,,0,0
12.T0.13-30-j26-2.13.H,08:54:00,08:54:00,de:09562:3475:0:1,33,,0,0
12.T0.13-30-j26-2.13.H,08:55:00,08:55:00,de:09562:3479:0:1,34,,0,0
12.T0.13-30-j26-2.13.H,08:56:00,08:56:00,de:09562:3480:0:1,35,,0,0
12.T0.13-30-j26-2.13.H,08:58:00,08:58:00,de:09562:3152:0:41,36,,0,0
12.T0.13-30-j26-2.13.H,09:00:00,09:00:00,de:09562:3151:0:2,37,,0,0
12.T0.13-30-j26-2.13.H,09:01:00,09:01:00,de:09562:3151:0:3,38,,0,0
12.T0.13-30-j26-2.13.H,08:01:00,08:01:00,de:09564:1333:0:3,4,,0,0
12.T0.13-30-j26-2.13.H,08:03:00,08:03:00,de:09564:1324:3:6,5,,0,0
12.T0.13-30-j26-2.13.H,08:04:00,08:04:00,de:09564:1376:0:1,6,,0,0
12.T0.13-30-j26-2.13.H,08:05:00,08:05:00,de:09564:1375:0:1,7,,0,0
12.T0.13-30-j26-2.13.H,08:07:00,08:07:00,de:09564:1374:0:1,8,,0,0
12.T0.13-30-j26-2.13.H,08:08:00,08:08:00,de:09564:1373:0:1,9,,0,0
12.T0.13-31-j26-1.8.H,07:18:00,07:18:00,de:09564:1324:3:6,1,,0,0
12.T0.13-31-j26-1.8.H,07:19:00,07:19:00,de:09564:1376:0:1,2,,0,0
12.T0.13-31-j26-1.8.H,07:20:00,07:20:00,de:09564:1375:0:1,3,,0,0
12.T0.13-31-j26-1.8.H,07:22:00,07:22:00,de:09564:1374:0:1,4,,0,0
12.T0.13-31-j26-1.8.H,07:23:00,07:23:00,de:09564:1373:0:1,5,,0,0
12.T0.13-43-j26-2.5.H,06:58:00,06:58:00,de:09564:510:3:D,1,,0,0
12.T0.13-43-j26-2.5.H,07:08:00,07:08:00,de:09564:455:0:1,10,,0,0
12.T0.13-43-j26-2.5.H,07:09:00,07:09:00,de:09564:454:0:1,11,,0,0
12.T0.13-43-j26-2.5.H,07:11:00,07:11:00,de:09564:1457:0:1,12,,0,0
12.T0.13-43-j26-2.5.H,07:12:00,07:12:00,de:09564:1458:0:1,13,,0,0
12.T0.13-43-j26-2.5.H,07:13:00,07:13:00,de:09564:1459:0:41,14,,0,0
12.T0.13-43-j26-2.5.H,07:14:00,07:14:00,de:09564:1460:0:1,15,,0,0
12.T0.13-43-j26-2.5.H,07:15:00,07:15:00,de:09564:453:0:41,16,,0,0
12.T0.13-43-j26-2.5.H,07:00:00,07:00:00,de:09564:546:13:1,2,,0,0
12.T0.13-43-j26-2.5.H,07:01:00,07:01:00,de:09564:462:0:1,3,,0,0
12.T0.13-43-j26-2.5.H,07:02:00,07:02:00,de:09564:460:0:1,4,,0,0
12.T0.13-43-j26-2.5.H,07:03:00,07:03:00,de:09564:420:0:3,5,,0,0
12.T0.13-43-j26-2.5.H,07:04:00,07:04:00,de:09564:459:0:1,6,,0,0
12.T0.13-43-j26-2.5.H,07:05:00,07:05:00,de:09564:458:0:1,7,,0,0
12.T0.13-43-j26-2.5.H,07:06:00,07:06:00,de:09564:457:0:1,8,,0,0
12.T0.13-43-j26-2.5.H,07:07:00,07:07:00,de:09564:411:3:1,9,,0,0
12.T0.13-44-j26-2.1.H,07:33:00,07:33:00,de:09564:510:3:D,1,,0,0
12.T0.13-44-j26-2.1.H,07:43:00,07:43:00,de:09564:455:0:1,10,,0,0
12.T0.13-44-j26-2.1.H,07:44:00,07:44:00,de:09564:454:0:1,11,,0,0
12.T0.13-44-j26-2.1.H,07:45:00,07:45:00,de:09564:1457:0:3,12,,0,0
12.T0.13-44-j26-2.1.H,07:46:00,07:46:00,de:09564:1454:0:1,13,,0,0
12.T0.13-44-j26-2.1.H,07:47:00,07:47:00,de:09564:1453:0:1,14,,0,0
12.T0.13-44-j26-2.1.H,07:49:00,07:49:00,de:09564:1452:0:1,15,,0,0
12.T0.13-44-j26-2.1.H,07:50:00,07:50:00,de:09564:1451:0:1,16,,0,0
12.T0.13-44-j26-2.1.H,07:51:00,07:51:00,de:09564:1448:0:1,17,,0,0
12.T0.13-44-j26-2.1.H,07:52:00,07:52:00,de:09564:1446:0:1,18,,0,0
12.T0.13-44-j26-2.1.H,07:59:00,07:59:00,de:09564:261:0:1,19,,0,0
12.T0.13-44-j26-2.1.H,07:35:00,07:35:00,de:09564:546:13:1,2,,0,0
12.T0.13-44-j26-2.1.H,08:00:00,08:00:00,de:09564:1672:0:2,20,,0,0
12.T0.13-44-j26-2.1.H,08:01:00,08:01:00,de:09564:1565:0:2,21,,0,0
12.T0.13-44-j26-2.1.H,08:02:00,08:02:00,de:09564:1566:0:2,22,,0,0
12.T0.13-44-j26-2.1.H,08:04:00,08:04:00,de:09564:1567:3:6,23,,0,0
12.T0.13-44-j26-2.1.H,07:36:00,07:36:00,de:09564:462:0:1,3,,0,0
12.T0.13-44-j26-2.1.H,07:37:00,07:37:00,de:09564:460:0:1,4,,0,0
12.T0.13-44-j26-2.1.H,07:38:00,07:38:00,de:09564:420:0:3,5,,0,0
12.T0.13-44-j26-2.1.H,07:39:00,07:39:00,de:09564:459:0:1,6,,0,0
12.T0.13-44-j26-2.1.H,07:40:00,07:40:00,de:09564:458:0:1,7,,0,0
12.T0.13-44-j26-2.1.H,07:41:00,07:41:00,de:09564:457:0:1,8,,0,0
12.T0.13-44-j26-2.1.H,07:42:00,07:42:00,de:09564:411:3:1,9,,0,0
13.T0.13-30-j26-2.13.H,08:18:00,08:18:00,de:09564:1335:13:8,1,,0,0
13.T0.13-30-j26-2.13.H,08:29:00,08:29:00,de:09564:1380:0:1,10,,0,0
13.T0.13-30-j26-2.13.H,08:30:00,08:30:00,de:09564:1398:0:1,11,,0,0
13.T0.13-30-j26-2.13.H,08:31:00,08:31:00,de:09564:1372:0:1,12,,0,0
13.T0.13-30-j26-2.13.H,08:33:00,08:33:00,de:09564:1356:13:2,13,,0,0
13.T0.13-30-j26-2.13.H,08:34:00,08:34:00,de:09564:1354:0:2,14,,0,0
13.T0.13-30-j26-2.13.H,08:35:00,08:35:00,de:09564:1353:0:2,15,,0,0
13.T0.13-30-j26-2.13.H,08:36:00,08:36:00,de:09564:1331:0:11,16,,0,0
13.T0.13-30-j26-2.13.H,08:38:00,08:38:00,de:09564:1351:0:2,17,,0,0
13.T0.13-30-j26-2.13.H,08:39:00,08:39:00,de:09564:1350:0:2,18,,0,0
13.T0.13-30-j26-2.13.H,08:41:00,08:41:00,de:09564:1287:0:3,19,,0,0
13.T0.13-30-j26-2.13.H,08:19:00,08:19:00,de:09564:1326:0:1,2,,0,0
13.T0.13-30-j26-2.13.H,08:43:00,08:43:00,de:09564:1396:0:1,20,,0,0
13.T0.13-30-j26-2.13.H,08:45:00,08:45:00,de:09564:1391:3:6,21,,0,0
13.T0.13-30-j26-2.13.H,08:47:00,08:47:00,de:09564:1400:0:1,22,,0,0
13.T0.13-30-j26-2.13.H,08:49:00,08:49:00,de:09564:1246:0:1,23,,0,0
13.T0.13-30-j26-2.13.H,08:50:00,08:50:00,de:09564:1313:0:1,24,,0,0
13.T0.13-30-j26-2.13.H,08:52:00,08:56:00,de:09564:1283:13:2,25,,0,0
13.T0.13-30-j26-2.13.H,08:59:00,08:59:00,de:09564:1280:0:1,26,,0,0
13.T0.13-30-j26-2.13.H,09:01:00,09:01:00,de:09564:1271:0:1,27,,0,0
13.T0.13-30-j26-2.13.H,09:02:00,09:02:00,de:09564:1274:0:1,28,,0,0
13.T0.13-30-j26-2.13.H,09:03:00,09:03:00,de:09564:1273:0:1,29,,0,0
13.T0.13-30-j26-2.13.H,08:20:00,08:20:00,de:09564:1334:0:1,3,,0,0
13.T0.13-30-j26-2.13.H,09:05:00,09:05:00,de:09564:1303:0:1,30,,0,0
13.T0.13-30-j26-2.13.H,09:11:00,09:11:00,de:09562:3473:0:1,31,,0,0
13.T0.13-30-j26-2.13.H,09:13:00,09:13:00,de:09562:3474:0:1,32,,0,0
13.T0.13-30-j26-2.13.H,09:14:00,09:14:00,de:09562:3475:0:1,33,,0,0
13.T0.13-30-j26-2.13.H,09:15:00,09:15:00,de:09562:3479:0:1,34,,0,0
13.T0.13-30-j26-2.13.H,09:16:00,09:16:00,de:09562:3480:0:1,35,,0,0
13.T0.13-30-j26-2.13.H,09:18:00,09:18:00,de:09562:3152:0:41,36,,0,0
13.T0.13-30-j26-2.13.H,09:20:00,09:20:00,de:09562:3151:0:2,37,,0,0
13.T0.13-30-j26-2.13.H,09:21:00,09:21:00,de:09562:3151:0:3,38,,0,0
13.T0.13-30-j26-2.13.H,08:21:00,08:21:00,de:09564:1333:0:3,4,,0,0
13.T0.13-30-j26-2.13.H,08:23:00,08:23:00,de:09564:1324:3:6,5,,0,0
13.T0.13-30-j26-2.13.H,08:24:00,08:24:00,de:09564:1376:0:1,6,,0,0
13.T0.13-30-j26-2.13.H,08:25:00,08:25:00,de:09564:1375:0:1,7,,0,0
13.T0.13-30-j26-2.13.H,08:27:00,08:27:00,de:09564:1374:0:1,8,,0,0
13.T0.13-30-j26-2.13.H,08:28:00,08:28:00,de:09564:1373:0:1,9,,0,0
13.T0.13-31-j26-1.8.H,07:28:00,07:28:00,de:09564:1324:3:6,1,,0,0
13.T0.13-31-j26-1.8.H,07:29:00,07:29:00,de:09564:1376:0:1,2,,0,0
13.T0.13-31-j26-1.8.H,07:30:00,07:30:00,de:09564:1375:0:1,3,,0,0
13.T0.13-31-j26-1.8.H,07:32:00,07:32:00,de:09564:1374:0:1,4,,0,0
13.T0.13-31-j26-1.8.H,07:33:00,07:33:00,de:09564:1373:0:1,5,,0,0
13.T0.13-43-j26-2.5.H,07:08:00,07:08:00,de:09564:510:3:D,1,,0,0
13.T0.13-43-j26-2.5.H,07:18:00,07:18:00,de:09564:455:0:1,10,,0,0
13.T0.13-43-j26-2.5.H,07:19:00,07:19:00,de:09564:454:0:1,11,,0,0
13.T0.13-43-j26-2.5.H,07:21:00,07:21:00,de:09564:1457:0:1,12,,0,0
13.T0.13-43-j26-2.5.H,07:22:00,07:22:00,de:09564:1458:0:1,13,,0,0
13.T0.13-43-j26-2.5.H,07:23:00,07:23:00,de:09564:1459:0:41,14,,0,0
13.T0.13-43-j26-2.5.H,07:24:00,07:24:00,de:09564:1460:0:1,15,,0,0
13.T0.13-43-j26-2.5.H,07:25:00,07:25:00,de:09564:453:0:41,16,,0,0
13.T0.13-43-j26-2.5.H,07:10:00,07:10:00,de:09564:546:13:1,2,,0,0
13.T0.13-43-j26-2.5.H,07:11:00,07:11:00,de:09564:462:0:1,3,,0,0
13.T0.13-43-j26-2.5.H,07:12:00,07:12:00,de:09564:460:0:1,4,,0,0
13.T0.13-43-j26-2.5.H,07:13:00,07:13:00,de:09564:420:0:3,5,,0,0
13.T0.13-43-j26-2.5.H,07:14:00,07:14:00,de:09564:459:0:1,6,,0,0
13.T0.13-43-j26-2.5.H,07:15:00,07:15:00,de:09564:458:0:1,7,,0,0
13.T0.13-43-j26-2.5.H,07:16:00,07:16:00,de:09564:457:0:1,8,,0,0
13.T0.13-43-j26-2.5.H,07:17:00,07:17:00,de:09564:411:3:1,9,,0,0
13.T0.13-44-j26-2.2.H,07:43:00,07:43:00,de:09564:510:3:D,1,,0,0
13.T0.13-44-j26-2.2.H,07:53:00,07:53:00,de:09564:455:0:1,10,,0,0
13.T0.13-44-j26-2.2.H,07:54:00,07:54:00,de:09564:454:0:1,11,,0,0
13.T0.13-44-j26-2.2.H,07:55:00,07:55:00,de:09564:1457:0:3,12,,0,0
13.T0.13-44-j26-2.2.H,07:56:00,07:56:00,de:09564:1454:0:1,13,,0,0
13.T0.13-44-j26-2.2.H,07:57:00,07:57:00,de:09564:1453:0:1,14,,0,0
13.T0.13-44-j26-2.2.H,07:59:00,07:59:00,de:09564:1452:0:1,15,,0,0
13.T0.13-44-j26-2.2.H,08:00:00,08:00:00,de:09564:1451:0:1,16,,0,0
13.T0.13-44-j26-2.2.H,08:01:00,08:01:00,de:09564:1448:0:1,17,,0,0
13.T0.13-44-j26-2.2.H,08:02:00,08:02:00,de:09564:1446:0:1,18,,0,0
13.T0.13-44-j26-2.2.H,08:03:00,08:03:00,de:09564:1445:0:1,19,,0,0
13.T0.13-44-j26-2.2.H,07:45:00,07:45:00,de:09564:546:13:1,2,,0,0
13.T0.13-44-j26-2.2.H,07:46:00,07:46:00,de:09564:462:0:1,3,,0,0
13.T0.13-44-j26-2.2.H,07:47:00,07:47:00,de:09564:460:0:1,4,,0,0
13.T0.13-44-j26-2.2.H,07:48:00,07:48:00,de:09564:420:0:3,5,,0,0
13.T0.13-44-j26-2.2.H,07:49:00,07:49:00,de:09564:459:0:1,6,,0,0
13.T0.13-44-j26-2.2.H,07:50:00,07:50:00,de:09564:458:0:1,7,,0,0
13.T0.13-44-j26-2.2.H,07:51:00,07:51:00,de:09564:457:0:1,8,,0,0
13.T0.13-44-j26-2.2.H,07:52:00,07:52:00,de:09564:411:3:1,9,,0,0
14.T0.13-30-j26-2.13.H,08:38:00,08:38:00,de:09564:1335:13:8,1,,0,0
14.T0.13-30-j26-2.13.H,08:49:00,08:49:00,de:09564:1380:0:1,10,,0,0
14.T0.13-30-j26-2.13.H,08:50:00,08:50:00,de:09564:1398:0:1,11,,0,0
14.T0.13-30-j26-2.13.H,08:51:00,08:51:00,de:09564:1372:0:1,12,,0,0
14.T0.13-30-j26-2.13.H,08:53:00,08:53:00,de:09564:1356:13:2,13,,0,0
14.T0.13-30-j26-2.13.H,08:54:00,08:54:00,de:09564:1354:0:2,14,,0,0
14.T0.13-30-j26-2.13.H,08:55:00,08:55:00,de:09564:1353:0:2,15,,0,0
14.T0.13-30-j26-2.13.H,08:56:00,08:56:00,de:09564:1331:0:11,16,,0,0
14.T0.13-30-j26-2.13.H,08:58:00,08:58:00,de:09564:1351:0:2,17,,0,0
14.T0.13-30-j26-2.13.H,08:59:00,08:59:00,de:09564:1350:0:2,18,,0,0
14.T0.13-30-j26-2.13.H,09:01:00,09:01:00,de:09564:1287:0:3,19,,0,0
14.T0.13-30-j26-2.13.H,08:39:00,08:39:00,de:09564:1326:0:1,2,,0,0
14.T0.13-30-j26-2.13.H,09:03:00,09:03:00,de:09564:1396:0:1,20,,0,0
14.T0.13-30-j26-2.13.H,09:05:00,09:05:00,de:09564:1391:3:6,21,,0,0
14.T0.13-30-j26-2.13.H,09:07:00,09:07:00,de:09564:1400:0:1,22,,0,0
14.T0.13-30-j26-2.13.H,09:09:00,09:09:00,de:09564:1246:0:1,23,,0,0
14.T0.13-30-j26-2.13.H,09:10:00,09:10:00,de:09564:1313:0:1,24,,0,0
14.T0.13-30-j26-2.13.H,09:12:00,09:16:00,de:09564:1283:13:2,25,,0,0
14.T0.13-30-j26-2.13.H,09:19:00,09:19:00,de:09564:1280:0:1,26,,0,0
14.T0.13-30-j26-2.13.H,09:21:00,09:21:00,de:09564:1271:0:1,27,,0,0
14.T0.13-30-j26-2.13.H,09:22:00,09:22:00,de:09564:1274:0:1,28,,0,0
14.T0.13-30-j26-2.13.H,09:23:00,09:23:00,de:09564:1273:0:1,29,,0,0
14.T0.13-30-j26-2.13.H,08:40:00,08:40:00,de:09564:1334:0:1,3,,0,0
14.T0.13-30-j26-2.13.H,09:25:00,09:25:00,de:09564:1303:0:1,30,,0,0
14.T0.13-30-j26-2.13.H,09:31:00,09:31:00,de:09562:3473:0:1,31,,0,0
14.T0.13-30-j26-2.13.H,09:33:00,09:33:00,de:09562:3474:0:1,32,,0,0
14.T0.13-30-j26-2.13.H,09:34:00,09:34:00,de:09562:3475:0:1,33,,0,0
14.T0.13-30-j26-2.13.H,09:35:00,09:35:00,de:09562:3479:0:1,34,,0,0
14.T0.13-30-j26-2.13.H,09:36:00,09:36:00,de:09562:3480:0:1,35,,0,0
14.T0.13-30-j26-2.13.H,09:38:00,09:38:00,de:09562:3152:0:41,36,,0,0
14.T0.13-30-j26-2.13.H,09:40:00,09:40:00,de:09562:3151:0:2,37,,0,0
14.T0.13-30-j26-2.13.H,09:41:00,09:41:00,de:09562:3151:0:3,38,,0,0
14.T0.13-30-j26-2.13.H,08:41:00,08:41:00,de:09564:1333:0:3,4,,0,0
14.T0.13-30-j26-2.13.H,08:43:00,08:43:00,de:09564:1324:3:6,5,,0,0
14.T0.13-30-j26-2.13.H,08:44:00,08:44:00,de:09564:1376:0:1,6,,0,0
14.T0.13-30-j26-2.13.H,08:45:00,08:45:00,de:09564:1375:0:1,7,,0,0
14.T0.13-30-j26-2.13.H,08:47:00,08:47:00,de:09564:1374:0:1,8,,0,0
14.T0.13-30-j26-2.13.H,08:48:00,08:48:00,de:09564:1373:0:1,9,,0,0
14.T0.13-31-j26-1.7.H,07:33:00,07:33:00,de:09564:1324:3:6,1,,0,0
14.T0.13-31-j26-1.7.H,07:44:00,07:44:00,de:09564:1354:0:2,10,,0,0
14.T0.13-31-j26-1.7.H,07:45:00,07:45:00,de:09564:1353:0:2,11,,0,0
14.T0.13-31-j26-1.7.H,07:46:00,07:46:00,de:09564:1331:0:11,12,,0,0
14.T0.13-31-j26-1.7.H,07:48:00,07:48:00,de:09564:1351:0:2,13,,0,0
14.T0.13-31-j26-1.7.H,07:49:00,07:49:00,de:09564:1350:0:2,14,,0,0
14.T0.13-31-j26-1.7.H,07:51:00,07:51:00,de:09564:1322:0:1,15,,0,0
14.T0.13-31-j26-1.7.H,07:53:00,07:53:00,de:09564:1301:13:3,16,,0,0
14.T0.13-31-j26-1.7.H,07:55:00,07:55:00,de:09564:1302:0:1,17,,0,0
14.T0.13-31-j26-1.7.H,07:56:00,07:56:00,de:09564:1296:0:1,18,,0,0
14.T0.13-31-j26-1.7.H,07:59:00,08:00:00,de:09564:1283:13:2,19,,0,0
14.T0.13-31-j26-1.7.H,07:34:00,07:34:00,de:09564:1376:0:1,2,,0,0
14.T0.13-31-j26-1.7.H,08:03:00,08:03:00,de:09564:1281:0:1,20,,0,0
14.T0.13-31-j26-1.7.H,08:04:00,08:04:00,de:09564:1305:0:1,21,,0,0
14.T0.13-31-j26-1.7.H,08:05:00,08:05:00,de:09564:1280:0:3,22,,0,0
14.T0.13-31-j26-1.7.H,08:07:00,08:07:00,de:09564:1279:0:1,23,,0,0
14.T0.13-31-j26-1.7.H,08:08:00,08:08:00,de:09564:1278:0:1,24,,0,0
14.T0.13-31-j26-1.7.H,08:09:00,08:09:00,de:09564:1277:0:1,25,,0,0
14.T0.13-31-j26-1.7.H,08:11:00,08:11:00,de:09564:1276:0:1,26,,0,0
14.T0.13-31-j26-1.7.H,08:12:00,08:12:00,de:09564:1275:0:41,27,,0,0
14.T0.13-31-j26-1.7.H,08:14:00,08:14:00,de:09564:1241:0:1,28,,0,0
14.T0.13-31-j26-1.7.H,08:15:00,08:15:00,de:09564:1242:0:1,29,,0,0
14.T0.13-31-j26-1.7.H,07:35:00,07:35:00,de:09564:1375:0:1,3,,0,0
14.T0.13-31-j26-1.7.H,08:17:00,08:17:00,de:09564:1274:0:2,30,,0,0
14.T0.13-31-j26-1.7.H,08:19:00,08:19:00,de:09564:1271:0:3,31,,0,0
14.T0.13-31-j26-1.7.H,08:20:00,08:20:00,de:09564:1270:0:1,32,,0,0
14.T0.13-31-j26-1.7.H,08:21:00,08:21:00,de:09564:1244:0:1,33,,0,0
14.T0.13-31-j26-1.7.H,08:22:00,08:22:00,de:09564:1308:0:1,34,,0,0
14.T0.13-31-j26-1.7.H,08:23:00,08:23:00,de:09564:1209:0:2,35,,0,0
14.T0.13-31-j26-1.7.H,08:24:00,08:24:00,de:09564:1263:0:1,36,,0,0
14.T0.13-31-j26-1.7.H,08:25:00,08:25:00,de:09564:1262:0:1,37,,0,0
14.T0.13-31-j26-1.7.H,08:26:00,08:26:00,de:09564:1261:0:1,38,,0,0
14.T0.13-31-j26-1.7.H,07:37:00,07:37:00,de:09564:1374:0:1,4,,0,0
14.T0.13-31-j26-1.7.H,07:38:00,07:38:00,de:09564:1373:0:1,5,,0,0
14.T0.13-31-j26-1.7.H,07:39:00,07:39:00,de:09564:1380:0:1,6,,0,0
14.T0.13-31-j26-1.7.H,07:40:00,07:40:00,de:09564:1398:0:1,7,,0,0
14.T0.13-31-j26-1.7.H,07:41:00,07:41:00,de:09564:1372:0:1,8,,0,0
14.T0.13-31-j26-1.7.H,07:43:00,07:43:00,de:09564:1356:13:2,9,,0,0
14.T0.13-43-j26-2.5.H,07:18:00,07:18:00,de:09564:510:3:D,1,,0,0
14.T0.13-43-j26-2.5.H,07:28:00,07:28:00,de:09564:455:0:1,10,,0,0
14.T0.13-43-j26-2.5.H,07:29:00,07:29:00,de:09564:454:0:1,11,,0,0
14.T0.13-43-j26-2.5.H,07:31:00,07:31:00,de:09564:1457:0:1,12,,0,0
14.T0.13-43-j26-2.5.H,07:32:00,07:32:00,de:09564:1458:0:1,13,,0,0
14.T0.13-43-j26-2.5.H,07:33:00,07:33:00,de:09564:1459:0:41,14,,0,0
14.T0.13-43-j26-2.5.H,07:34:00,07:34:00,de:09564:1460:0:1,15,,0,0
14.T0.13-43-j26-2.5.H,07:35:00,07:35:00,de:09564:453:0:41,16,,0,0
14.T0.13-43-j26-2.5.H,07:20:00,07:20:00,de:09564:546:13:1,2,,0,0
14.T0.13-43-j26-2.5.H,07:21:00,07:21:00,de:09564:462:0:1,3,,0,0
14.T0.13-43-j26-2.5.H,07:22:00,07:22:00,de:09564:460:0:1,4,,0,0
14.T0.13-43-j26-2.5.H,07:23:00,07:23:00,de:09564:420:0:3,5,,0,0
14.T0.13-43-j26-2.5.H,07:24:00,07:24:00,de:09564:459:0:1,6,,0,0
14.T0.13-43-j26-2.5.H,07:25:00,07:25:00,de:09564:458:0:1,7,,0,0
14.T0.13-43-j26-2.5.H,07:26:00,07:26:00,de:09564:457:0:1,8,,0,0
14.T0.13-43-j26-2.5.H,07:27:00,07:27:00,de:09564:411:3:1,9,,0,0
14.T0.13-44-j26-2.1.H,07:53:00,07:53:00,de:09564:510:3:D,1,,0,0
14.T0.13-44-j26-2.1.H,08:03:00,08:03:00,de:09564:455:0:1,10,,0,0
14.T0.13-44-j26-2.1.H,08:04:00,08:04:00,de:09564:454:0:1,11,,0,0
14.T0.13-44-j26-2.1.H,08:05:00,08:05:00,de:09564:1457:0:3,12,,0,0
14.T0.13-44-j26-2.1.H,08:06:00,08:06:00,de:09564:1454:0:1,13,,0,0
14.T0.13-44-j26-2.1.H,08:07:00,08:07:00,de:09564:1453:0:1,14,,0,0
14.T0.13-44-j26-2.1.H,08:09:00,08:09:00,de:09564:1452:0:1,15,,0,0
14.T0.13-44-j26-2.1.H,08:10:00,08:10:00,de:09564:1451:0:1,16,,0,0
14.T0.13-44-j26-2.1.H,08:11:00,08:11:00,de:09564:1448:0:1,17,,0,0
14.T0.13-44-j26-2.1.H,08:12:00,08:12:00,de:09564:1446:0:1,18,,0,0
14.T0.13-44-j26-2.1.H,08:19:00,08:19:00,de:09564:261:0:1,19,,0,0
14.T0.13-44-j26-2.1.H,07:55:00,07:55:00,de:09564:546:13:1,2,,0,0
14.T0.13-44-j26-2.1.H,08:20:00,08:20:00,de:09564:1672:0:2,20,,0,0
14.T0.13-44-j26-2.1.H,08:21:00,08:21:00,de:09564:1565:0:2,21,,0,0
14.T0.13-44-j26-2.1.H,08:22:00,08:22:00,de:09564:1566:0:2,22,,0,0
14.T0.13-44-j26-2.1.H,08:24:00,08:24:00,de:09564:1567:3:6,23,,0,0
14.T0.13-44-j26-2.1.H,07:56:00,07:56:00,de:09564:462:0:1,3,,0,0
14.T0.13-44-j26-2.1.H,07:57:00,07:57:00,de:09564:460:0:1,4,,0,0
14.T0.13-44-j26-2.1.H,07:58:00,07:58:00,de:09564:420:0:3,5,,0,0
14.T0.13-44-j26-2.1.H,07:59:00,07:59:00,de:09564:459:0:1,6,,0,0
14.T0.13-44-j26-2.1.H,08:00:00,08:00:00,de:09564:458:0:1,7,,0,0
14.T0.13-44-j26-2.1.H,08:01:00,08:01:00,de:09564:457:0:1,8,,0,0
14.T0.13-44-j26-2.1.H,08:02:00,08:02:00,de:09564:411:3:1,9,,0,0
15.T0.13-30-j26-2.13.H,08:58:00,08:58:00,de:09564:1335:13:8,1,,0,0
15.T0.13-30-j26-2.13.H,09:09:00,09:09:00,de:09564:1380:0:1,10,,0,0
15.T0.13-30-j26-2.13.H,09:10:00,09:10:00,de:09564:1398:0:1,11,,0,0
15.T0.13-30-j26-2.13.H,09:11:00,09:11:00,de:09564:1372:0:1,12,,0,0
15.T0.13-30-j26-2.13.H,09:13:00,09:13:00,de:09564:1356:13:2,13,,0,0
15.T0.13-30-j26-2.13.H,09:14:00,09:14:00,de:09564:1354:0:2,14,,0,0
15.T0.13-30-j26-2.13.H,09:15:00,09:15:00,de:09564:1353:0:2,15,,0,0
15.T0.13-30-j26-2.13.H,09:16:00,09:16:00,de:09564:1331:0:11,16,,0,0
15.T0.13-30-j26-2.13.H,09:18:00,09:18:00,de:09564:1351:0:2,17,,0,0
15.T0.13-30-j26-2.13.H,09:19:00,09:19:00,de:09564:1350:0:2,18,,0,0
15.T0.13-30-j26-2.13.H,09:21:00,09:21:00,de:09564:1287:0:3,19,,0,0
15.T0.13-30-j26-2.13.H,08:59:00,08:59:00,de:09564:1326:0:1,2,,0,0
15.T0.13-30-j26-2.13.H,09:23:00,09:23:00,de:09564:1396:0:1,20,,0,0
15.T0.13-30-j26-2.13.H,09:25:00,09:25:00,de:09564:1391:3:6,21,,0,0
15.T0.13-30-j26-2.13.H,09:27:00,09:27:00,de:09564:1400:0:1,22,,0,0
15.T0.13-30-j26-2.13.H,09:29:00,09:29:00,de:09564:1246:0:1,23,,0,0
15.T0.13-30-j26-2.13.H,09:30:00,09:30:00,de:09564:1313:0:1,24,,0,0
15.T0.13-30-j26-2.13.H,09:32:00,09:36:00,de:09564:1283:13:2,25,,0,0
15.T0.13-30-j26-2.13.H,09:39:00,09:39:00,de:09564:1280:0:1,26,,0,0
15.T0.13-30-j26-2.13.H,09:41:00,09:41:00,de:09564:1271:0:1,27,,0,0
15.T0.13-30-j26-2.13.H,09:42:00,09:42:00,de:09564:1274:0:1,28,,0,0
15.T0.13-30-j26-2.13.H,09:43:00,09:43:00,de:09564:1273:0:1,29,,0,0
15.T0.13-30-j26-2.13.H,09:00:00,09:00:00,de:09564:1334:0:1,3,,0,0
15.T0.13-30-j26-2.13.H,09:45:00,09:45:00,de:09564:1303:0:1,30,,0,0
15.T0.13-30-j26-2.13.H,09:51:00,09:51:00,de:09562:3473:0:1,31,,0,0
15.T0.13-30-j26-2.13.H,09:53:00,09:53:00,de:09562:3474:0:1,32,,0,0
15.T0.13-30-j26-2.13.H,09:54:00,09:54:00,de:09562:3475:0:1,33,,0,0
15.T0.13-30-j26-2.13.H,09:55:00,09:55:00,de:09562:3479:0:1,34,,0,0
15.T0.13-30-j26-2.13.H,09:56:00,09:56:00,de:09562:3480:0:1,35,,0,0
15.T0.13-30-j26-2.13.H,09:58:00,09:58:00,de:09562:3152:0:41,36,,0,0
15.T0.13-30-j26-2.13.H,10:00:00,10:00:00,de:09562:3151:0:2,37,,0,0
15.T0.13-30-j26-2.13.H,10:01:00,10:01:00,de:09562:3151:0:3,38,,0,0
15.T0.13-30-j26-2.13.H,09:01:00,09:01:00,de:09564:1333:0:3,4,,0,0
15.T0.13-30-j26-2.13.H,09:03:00,09:03:00,de:09564:1324:3:6,5,,0,0
15.T0.13-30-j26-2.13.H,09:04:00,09:04:00,de:09564:1376:0:1,6,,0,0
15.T0.13-30-j26-2.13.H,09:05:00,09:05:00,de:09564:1375:0:1,7,,0,0
15.T0.13-30-j26-2.13.H,09:07:00,09:07:00,de:09564:1374:0:1,8,,0,0
15.T0.13-30-j26-2.13.H,09:08:00,09:08:00,de:09564:1373:0:1,9,,0,0
15.T0.13-31-j26-1.8.H,07:38:00,07:38:00,de:09564:1324:3:6,1,,0,0
15.T0.13-31-j26-1.8.H,07:39:00,07:39:00,de:09564:1376:0:1,2,,0,0
15.T0.13-31-j26-1.8.H,07:40:00,07:40:00,de:09564:1375:0:1,3,,0,0
15.T0.13-31-j26-1.8.H,07:42:00,07:42:00,de:09564:1374:0:1,4,,0,0
15.T0.13-31-j26-1.8.H,07:43:00,07:43:00,de:09564:1373:0:1,5,,0,0
15.T0.13-43-j26-2.5.H,07:28:00,07:28:00,de:09564:510:3:D,1,,0,0
15.T0.13-43-j26-2.5.H,07:38:00,07:38:00,de:09564:455:0:1,10,,0,0
15.T0.13-43-j26-2.5.H,07:39:00,07:39:00,de:09564:454:0:1,11,,0,0
15.T0.13-43-j26-2.5.H,07:41:00,07:41:00,de:09564:1457:0:1,12,,0,0
15.T0.13-43-j26-2.5.H,07:42:00,07:42:00,de:09564:1458:0:1,13,,0,0
15.T0.13-43-j26-2.5.H,07:43:00,07:43:00,de:09564:1459:0:41,14,,0,0
15.T0.13-43-j26-2.5.H,07:44:00,07:44:00,de:09564:1460:0:1,15,,0,0
15.T0.13-43-j26-2.5.H,07:45:00,07:45:00,de:09564:453:0:41,16,,0,0
15.T0.13-43-j26-2.5.H,07:30:00,07:30:00,de:09564:546:13:1,2,,0,0
15.T0.13-43-j26-2.5.H,07:31:00,07:31:00,de:09564:462:0:1,3,,0,0
15.T0.13-43-j26-2.5.H,07:32:00,07:32:00,de:09564:460:0:1,4,,0,0
15.T0.13-43-j26-2.5.H,07:33:00,07:33:00,de:09564:420:0:3,5,,0,0
15.T0.13-43-j26-2.5.H,07:34:00,07:34:00,de:09564:459:0:1,6,,0,0
15.T0.13-43-j26-2.5.H,07:35:00,07:35:00,de:09564:458:0:1,7,,0,0
15.T0.13-43-j26-2.5.H,07:36:00,07:36:00,de:09564:457:0:1,8,,0,0
15.T0.13-43-j26-2.5.H,07:37:00,07:37:00,de:09564:411:3:1,9,,0,0
15.T0.13-44-j26-2.2.H,08:03:00,08:03:00,de:09564:510:3:D,1,,0,0
15.T0.13-44-j26-2.2.H,08:13:00,08:13:00,de:09564:455:0:1,10,,0,0
15.T0.13-44-j26-2.2.H,08:14:00,08:14:00,de:09564:454:0:1,11,,0,0
15.T0.13-44-j26-2.2.H,08:15:00,08:15:00,de:09564:1457:0:3,12,,0,0
15.T0.13-44-j26-2.2.H,08:16:00,08:16:00,de:09564:1454:0:1,13,,0,0
15.T0.13-44-j26-2.2.H,08:17:00,08:17:00,de:09564:1453:0:1,14,,0,0
15.T0.13-44-j26-2.2.H,08:19:00,08:19:00,de:09564:1452:0:1,15,,0,0
15.T0.13-44-j26-2.2.H,08:20:00,08:20:00,de:09564:1451:0:1,16,,0,0
15.T0.13-44-j26-2.2.H,08:21:00,08:21:00,de:09564:1448:0:1,17,,0,0
15.T0.13-44-j26-2.2.H,08:22:00,08:22:00,de:09564:1446:0:1,18,,0,0
15.T0.13-44-j26-2.2.H,08:23:00,08:23:00,de:09564:1445:0:1,19,,0,0
15.T0.13-44-j26-2.2.H,08:05:00,08:05:00,de:09564:546:13:1,2,,0,0
15.T0.13-44-j26-2.2.H,08:06:00,08:06:00,de:09564:462:0:1,3,,0,0
15.T0.13-44-j26-2.2.H,08:07:00,08:07:00,de:09564:460:0:1,4,,0,0
15.T0.13-44-j26-2.2.H,08:08:00,08:08:00,de:09564:420:0:3,5,,0,0
15.T0.13-44-j26-2.2.H,08:09:00,08:09:00,de:09564:459:0:1,6,,0,0
15.T0.13-44-j26-2.2.H,08:10:00,08:10:00,de:09564:458:0:1,7,,0,0
15.T0.13-44-j26-2.2.H,08:11:00,08:11:00,de:09564:457:0:1,8,,0,0
15.T0.13-44-j26-2.2.H,08:12:00,08:12:00,de:09564:411:3:1,9,,0,0
16.T0.13-31-j26-1.8.H,07:48:00,07:48:00,de:09564:1324:3:6,1,,0,0
16.T0.13-31-j26-1.8.H,07:49:00,07:49:00,de:09564:1376:0:1,2,,0,0
16.T0.13-31-j26-1.8.H,07:50:00,07:50:00,de:09564:1375:0:1,3,,0,0
16.T0.13-31-j26-1.8.H,07:52:00,07:52:00,de:09564:1374:0:1,4,,0,0
16.T0.13-31-j26-1.8.H,07:53:00,07:53:00,de:09564:1373:0:1,5,,0,0
16.T0.13-43-j26-2.5.H,07:38:00,07:38:00,de:09564:510:3:D,1,,0,0
16.T0.13-43-j26-2.5.H,07:48:00,07:48:00,de:09564:455:0:1,10,,0,0
16.T0.13-43-j26-2.5.H,07:49:00,07:49:00,de:09564:454:0:1,11,,0,0
16.T0.13-43-j26-2.5.H,07:51:00,07:51:00,de:09564:1457:0:1,12,,0,0
16.T0.13-43-j26-2.5.H,07:52:00,07:52:00,de:09564:1458:0:1,13,,0,0
16.T0.13-43-j26-2.5.H,07:53:00,07:53:00,de:09564:1459:0:41,14,,0,0
16.T0.13-43-j26-2.5.H,07:54:00,07:54:00,de:09564:1460:0:1,15,,0,0
16.T0.13-43-j26-2.5.H,07:55:00,07:55:00,de:09564:453:0:41,16,,0,0
16.T0.13-43-j26-2.5.H,07:40:00,07:40:00,de:09564:546:13:1,2,,0,0
16.T0.13-43-j26-2.5.H,07:41:00,07:41:00,de:09564:462:0:1,3,,0,0
16.T0.13-43-j26-2.5.H,07:42:00,07:42:00,de:09564:460:0:1,4,,0,0
16.T0.13-43-j26-2.5.H,07:43:00,07:43:00,de:09564:420:0:3,5,,0,0
16.T0.13-43-j26-2.5.H,07:44:00,07:44:00,de:09564:459:0:1,6,,0,0
16.T0.13-43-j26-2.5.H,07:45:00,07:45:00,de:09564:458:0:1,7,,0,0
16.T0.13-43-j26-2.5.H,07:46:00,07:46:00,de:09564:457:0:1,8,,0,0
16.T0.13-43-j26-2.5.H,07:47:00,07:47:00,de:09564:411:3:1,9,,0,0
16.T0.13-44-j26-2.1.H,08:13:00,08:13:00,de:09564:510:3:D,1,,0,0
16.T0.13-44-j26-2.1.H,08:23:00,08:23:00,de:09564:455:0:1,10,,0,0
16.T0.13-44-j26-2.1.H,08:24:00,08:24:00,de:09564:454:0:1,11,,0,0
16.T0.13-44-j26-2.1.H,08:25:00,08:25:00,de:09564:1457:0:3,12,,0,0
16.T0.13-44-j26-2.1.H,08:26:00,08:26:00,de:09564:1454:0:1,13,,0,0
16.T0.13-44-j26-2.1.H,08:27:00,08:27:00,de:09564:1453:0:1,14,,0,0
16.T0.13-44-j26-2.1.H,08:29:00,08:29:00,de:09564:1452:0:1,15,,0,0
16.T0.13-44-j26-2.1.H,08:30:00,08:30:00,de:09564:1451:0:1,16,,0,0
16.T0.13-44-j26-2.1.H,08:31:00,08:31:00,de:09564:1448:0:1,17,,0,0
16.T0.13-44-j26-2.1.H,08:32:00,08:32:00,de:09564:1446:0:1,18,,0,0
16.T0.13-44-j26-2.1.H,08:39:00,08:39:00,de:09564:261:0:1,19,,0,0
16.T0.13-44-j26-2.1.H,08:15:00,08:15:00,de:09564:546:13:1,2,,0,0
16.T0.13-44-j26-2.1.H,08:40:00,08:40:00,de:09564:1672:0:2,20,,0,0
16.T0.13-44-j26-2.1.H,08:41:00,08:41:00,de:09564:1565:0:2,21,,0,0
16.T0.13-44-j26-2.1.H,08:42:00,08:42:00,de:09564:1566:0:2,22,,0,0
16.T0.13-44-j26-2.1.H,08:44:00,08:44:00,de:09564:1567:3:6,23,,0,0
16.T0.13-44-j26-2.1.H,08:16:00,08:16:00,de:09564:462:0:1,3,,0,0
16.T0.13-44-j26-2.1.H,08:17:00,08:17:00,de:09564:460:0:1,4,,0,0
16.T0.13-44-j26-2.1.H,08:18:00,08:18:00,de:09564:420:0:3,5,,0,0
16.T0.13-44-j26-2.1.H,08:19:00,08:19:00,de:09564:459:0:1,6,,0,0
16.T0.13-44-j26-2.1.H,08:20:00,08:20:00,de:09564:458:0:1,7,,0,0
16.T0.13-44-j26-2.1.H,08:21:00,08:21:00,de:09564:457:0:1,8,,0,0
16.T0.13-44-j26-2.1.H,08:22:00,08:22:00,de:09564:411:3:1,9,,0,0
17.T0.13-31-j26-1.9.H,07:53:00,07:53:00,de:09564:1324:3:6,1,,0,0
17.T0.13-31-j26-1.9.H,08:04:00,08:04:00,de:09564:1354:0:2,10,,0,0
17.T0.13-31-j26-1.9.H,08:05:00,08:05:00,de:09564:1353:0:2,11,,0,0
17.T0.13-31-j26-1.9.H,08:06:00,08:06:00,de:09564:1331:0:11,12,,0,0
17.T0.13-31-j26-1.9.H,08:08:00,08:08:00,de:09564:1351:0:2,13,,0,0
17.T0.13-31-j26-1.9.H,08:09:00,08:09:00,de:09564:1350:0:2,14,,0,0
17.T0.13-31-j26-1.9.H,08:11:00,08:11:00,de:09564:1322:0:1,15,,0,0
17.T0.13-31-j26-1.9.H,08:13:00,08:13:00,de:09564:1301:13:3,16,,0,0
17.T0.13-31-j26-1.9.H,08:15:00,08:15:00,de:09564:1302:0:1,17,,0,0
17.T0.13-31-j26-1.9.H,08:16:00,08:16:00,de:09564:1296:0:1,18,,0,0
17.T0.13-31-j26-1.9.H,08:19:00,08:19:00,de:09564:1283:13:2,19,,0,0
17.T0.13-31-j26-1.9.H,07:54:00,07:54:00,de:09564:1376:0:1,2,,0,0
17.T0.13-31-j26-1.9.H,07:55:00,07:55:00,de:09564:1375:0:1,3,,0,0
17.T0.13-31-j26-1.9.H,07:57:00,07:57:00,de:09564:1374:0:1,4,,0,0
17.T0.13-31-j26-1.9.H,07:58:00,07:58:00,de:09564:1373:0:1,5,,0,0
17.T0.13-31-j26-1.9.H,07:59:00,07:59:00,de:09564:1380:0:1,6,,0,0
17.T0.13-31-j26-1.9.H,08:00:00,08:00:00,de:09564:1398:0:1,7,,0,0
17.T0.13-31-j26-1.9.H,08:01:00,08:01:00,de:09564:1372:0:1,8,,0,0
17.T0.13-31-j26-1.9.H,08:03:00,08:03:00,de:09564:1356:13:2,9,,0,0
17.T0.13-43-j26-2.5.H,07:48:00,07:48:00,de:09564:510:3:D,1,,0,0
17.T0.13-43-j26-2.5.H,07:58:00,07:58:00,de:09564:455:0:1,10,,0,0
17.T0.13-43-j26-2.5.H,07:59:00,07:59:00,de:09564:454:0:1,11,,0,0
17.T0.13-43-j26-2.5.H,08:01:00,08:01:00,de:09564:1457:0:1,12,,0,0
17.T0.13-43-j26-2.5.H,08:02:00,08:02:00,de:09564:1458:0:1,13,,0,0
17.T0.13-43-j26-2.5.H,08:03:00,08:03:00,de:09564:1459:0:41,14,,0,0
17.T0.13-43-j26-2.5.H,08:04:00,08:04:00,de:09564:1460:0:1,15,,0,0
17.T0.13-43-j26-2.5.H,08:05:00,08:05:00,de:09564:453:0:41,16,,0,0
17.T0.13-43-j26-2.5.H,07:50:00,07:50:00,de:09564:546:13:1,2,,0,0
17.T0.13-43-j26-2.5.H,07:51:00,07:51:00,de:09564:462:0:1,3,,0,0
17.T0.13-43-j26-2.5.H,07:52:00,07:52:00,de:09564:460:0:1,4,,0,0
17.T0.13-43-j26-2.5.H,07:53:00,07:53:00,de:09564:420:0:3,5,,0,0
17.T0.13-43-j26-2.5.H,07:54:00,07:54:00,de:09564:459:0:1,6,,0,0
17.T0.13-43-j26-2.5.H,07:55:00,07:55:00,de:09564:458:0:1,7,,0,0
17.T0.13-43-j26-2.5.H,07:56:00,07:56:00,de:09564:457:0:1,8,,0,0
17.T0.13-43-j26-2.5.H,07:57:00,07:57:00,de:09564:411:3:1,9,,0,0
17.T0.13-44-j26-2.2.H,08:23:00,08:23:00,de:09564:510:3:D,1,,0,0
17.T0.13-44-j26-2.2.H,08:33:00,08:33:00,de:09564:455:0:1,10,,0,0
17.T0.13-44-j26-2.2.H,08:34:00,08:34:00,de:09564:454:0:1,11,,0,0
17.T0.13-44-j26-2.2.H,08:35:00,08:35:00,de:09564:1457:0:3,12,,0,0
17.T0.13-44-j26-2.2.H,08:36:00,08:36:00,de:09564:1454:0:1,13,,0,0
17.T0.13-44-j26-2.2.H,08:37:00,08:37:00,de:09564:1453:0:1,14,,0,0
17.T0.13-44-j26-2.2.H,08:39:00,08:39:00,de:09564:1452:0:1,15,,0,0
17.T0.13-44-j26-2.2.H,08:40:00,08:40:00,de:09564:1451:0:1,16,,0,0
17.T0.13-44-j26-2.2.H,08:41:00,08:41:00,de:09564:1448:0:1,17,,0,0
17.T0.13-44-j26-2.2.H,08:42:00,08:42:00,de:09564:1446:0:1,18,,0,0
17.T0.13-44-j26-2.2.H,08:43:00,08:43:00,de:09564:1445:0:1,19,,0,0
17.T0.13-44-j26-2.2.H,08:25:00,08:25:00,de:09564:546:13:1,2,,0,0
17.T0.13-44-j26-2.2.H,08:26:00,08:26:00,de:09564:462:0:1,3,,0,0
17.T0.13-44-j26-2.2.H,08:27:00,08:27:00,de:09564:460:0:1,4,,0,0
17.T0.13-44-j26-2.2.H,08:28:00,08:28:00,de:09564:420:0:3,5,,0,0
17.T0.13-44-j26-2.2.H,08:29:00,08:29:00,de:09564:459:0:1,6,,0,0
17.T0.13-44-j26-2.2.H,08:30:00,08:30:00,de:09564:458:0:1,7,,0,0
17.T0.13-44-j26-2.2.H,08:31:00,08:31:00,de:09564:457:0:1,8,,0,0
17.T0.13-44-j26-2.2.H,08:32:00,08:32:00,de:09564:411:3:1,9,,0,0
18.T0.13-31-j26-1.8.H,07:58:00,07:58:00,de:09564:1324:3:6,1,,0,0
18.T0.13-31-j26-1.8.H,07:59:00,07:59:00,de:09564:1376:0:1,2,,0,0
18.T0.13-31-j26-1.8.H,08:00:00,08:00:00,de:09564:1375:0:1,3,,0,0
18.T0.13-31-j26-1.8.H,08:02:00,08:02:00,de:09564:1374:0:1,4,,0,0
18.T0.13-31-j26-1.8.H,08:03:00,08:03:00,de:09564:1373:0:1,5,,0,0
18.T0.13-43-j26-2.5.H,07:58:00,07:58:00,de:09564:510:3:D,1,,0,0
18.T0.13-43-j26-2.5.H,08:08:00,08:08:00,de:09564:455:0:1,10,,0,0
18.T0.13-43-j26-2.5.H,08:09:00,08:09:00,de:09564:454:0:1,11,,0,0
18.T0.13-43-j26-2.5.H,08:11:00,08:11:00,de:09564:1457:0:1,12,,0,0
18.T0.13-43-j26-2.5.H,08:12:00,08:12:00,de:09564:1458:0:1,13,,0,0
18.T0.13-43-j26-2.5.H,08:13:00,08:13:00,de:09564:1459:0:41,14,,0,0
18.T0.13-43-j26-2.5.H,08:14:00,08:14:00,de:09564:1460:0:1,15,,0,0
18.T0.13-43-j26-2.5.H,08:15:00,08:15:00,de:09564:453:0:41,16,,0,0
18.T0.13-43-j26-2.5.H,08:00:00,08:00:00,de:09564:546:13:1,2,,0,0
18.T0.13-43-j26-2.5.H,08:01:00,08:01:00,de:09564:462:0:1,3,,0,0
18.T0.13-43-j26-2.5.H,08:02:00,08:02:00,de:09564:460:0:1,4,,0,0
18.T0.13-43-j26-2.5.H,08:03:00,08:03:00,de:09564:420:0:3,5,,0,0
18.T0.13-43-j26-2.5.H,08:04:00,08:04:00,de:09564:459:0:1,6,,0,0
18.T0.13-43-j26-2.5.H,08:05:00,08:05:00,de:09564:458:0:1,7,,0,0
18.T0.13-43-j26-2.5.H,08:06:00,08:06:00,de:09564:457:0:1,8,,0,0
18.T0.13-43-j26-2.5.H,08:07:00,08:07:00,de:09564:411:3:1,9,,0,0
18.T0.13-44-j26-2.1.H,08:33:00,08:33:00,de:09564:510:3:D,1,,0,0
18.T0.13-44-j26-2.1.H,08:43:00,08:43:00,de:09564:455:0:1,10,,0,0
18.T0.13-44-j26-2.1.H,08:44:00,08:44:00,de:09564:454:0:1,11,,0,0
18.T0.13-44-j26-2.1.H,08:45:00,08:45:00,de:09564:1457:0:3,12,,0,0
18.T0.13-44-j26-2.1.H,08:46:00,08:46:00,de:09564:1454:0:1,13,,0,0
18.T0.13-44-j26-2.1.H,08:47:00,08:47:00,de:09564:1453:0:1,14,,0,0
18.T0.13-44-j26-2.1.H,08:49:00,08:49:00,de:09564:1452:0:1,15,,0,0
18.T0.13-44-j26-2.1.H,08:50:00,08:50:00,de:09564:1451:0:1,16,,0,0
18.T0.13-44-j26-2.1.H,08:51:00,08:51:00,de:09564:1448:0:1,17,,0,0
18.T0.13-44-j26-2.1.H,08:52:00,08:52:00,de:09564:1446:0:1,18,,0,0
18.T0.13-44-j26-2.1.H,08:59:00,08:59:00,de:09564:261:0:1,19,,0,0
18.T0.13-44-j26-2.1.H,08:35:00,08:35:00,de:09564:546:13:1,2,,0,0
18.T0.13-44-j26-2.1.H,09:00:00,09:00:00,de:09564:1672:0:2,20,,0,0
18.T0.13-44-j26-2.1.H,09:01:00,09:01:00,de:09564:1565:0:2,21,,0,0
18.T0.13-44-j26-2.1.H,09:02:00,09:02:00,de:09564:1566:0:2,22,,0,0
18.T0.13-44-j26-2.1.H,09:04:00,09:04:00,de:09564:1567:3:6,23,,0,0
18.T0.13-44-j26-2.1.H,08:36:00,08:36:00,de:09564:462:0:1,3,,0,0
18.T0.13-44-j26-2.1.H,08:37:00,08:37:00,de:09564:460:0:1,4,,0,0
18.T0.13-44-j26-2.1.H,08:38:00,08:38:00,de:09564:420:0:3,5,,0,0
18.T0.13-44-j26-2.1.H,08:39:00,08:39:00,de:09564:459:0:1,6,,0,0
18.T0.13-44-j26-2.1.H,08:40:00,08:40:00,de:09564:458:0:1,7,,0,0
18.T0.13-44-j26-2.1.H,08:41:00,08:41:00,de:09564:457:0:1,8,,0,0
18.T0.13-44-j26-2.1.H,08:42:00,08:42:00,de:09564:411:3:1,9,,0,0
19.T0.13-31-j26-1.8.H,08:08:00,08:08:00,de:09564:1324:3:6,1,,0,0
19.T0.13-31-j26-1.8.H,08:09:00,08:09:00,de:09564:1376:0:1,2,,0,0
19.T0.13-31-j26-1.8.H,08:10:00,08:10:00,de:09564:1375:0:1,3,,0,0
19.T0.13-31-j26-1.8.H,08:12:00,08:12:00,de:09564:1374:0:1,4,,0,0
19.T0.13-31-j26-1.8.H,08:13:00,08:13:00,de:09564:1373:0:1,5,,0,0
19.T0.13-43-j26-2.5.H,08:08:00,08:08:00,de:09564:510:3:D,1,,0,0
19.T0.13-43-j26-2.5.H,08:18:00,08:18:00,de:09564:455:0:1,10,,0,0
19.T0.13-43-j26-2.5.H,08:19:00,08:19:00,de:09564:454:0:1,11,,0,0
19.T0.13-43-j26-2.5.H,08:21:00,08:21:00,de:09564:1457:0:1,12,,0,0
19.T0.13-43-j26-2.5.H,08:22:00,08:22:00,de:09564:1458:0:1,13,,0,0
19.T0.13-43-j26-2.5.H,08:23:00,08:23:00,de:09564:1459:0:41,14,,0,0
19.T0.13-43-j26-2.5.H,08:24:00,08:24:00,de:09564:1460:0:1,15,,0,0
19.T0.13-43-j26-2.5.H,08:25:00,08:25:00,de:09564:453:0:41,16,,0,0
19.T0.13-43-j26-2.5.H,08:10:00,08:10:00,de:09564:546:13:1,2,,0,0
19.T0.13-43-j26-2.5.H,08:11:00,08:11:00,de:09564:462:0:1,3,,0,0
19.T0.13-43-j26-2.5.H,08:12:00,08:12:00,de:09564:460:0:1,4,,0,0
19.T0.13-43-j26-2.5.H,08:13:00,08:13:00,de:09564:420:0:3,5,,0,0
19.T0.13-43-j26-2.5.H,08:14:00,08:14:00,de:09564:459:0:1,6,,0,0
19.T0.13-43-j26-2.5.H,08:15:00,08:15:00,de:09564:458:0:1,7,,0,0
19.T0.13-43-j26-2.5.H,08:16:00,08:16:00,de:09564:457:0:1,8,,0,0
19.T0.13-43-j26-2.5.H,08:17:00,08:17:00,de:09564:411:3:1,9,,0,0
19.T0.13-44-j26-2.2.H,08:43:00,08:43:00,de:09564:510:3:D,1,,0,0
19.T0.13-44-j26-2.2.H,08:53:00,08:53:00,de:09564:455:0:1,10,,0,0
19.T0.13-44-j26-2.2.H,08:54:00,08:54:00,de:09564:454:0:1,11,,0,0
19.T0.13-44-j26-2.2.H,08:55:00,08:55:00,de:09564:1457:0:3,12,,0,0
19.T0.13-44-j26-2.2.H,08:56:00,08:56:00,de:09564:1454:0:1,13,,0,0
19.T0.13-44-j26-2.2.H,08:57:00,08:57:00,de:09564:1453:0:1,14,,0,0
19.T0.13-44-j26-2.2.H,08:59:00,08:59:00,de:09564:1452:0:1,15,,0,0
19.T0.13-44-j26-2.2.H,09:00:00,09:00:00,de:09564:1451:0:1,16,,0,0
19.T0.13-44-j26-2.2.H,09:01:00,09:01:00,de:09564:1448:0:1,17,,0,0
19.T0.13-44-j26-2.2.H,09:02:00,09:02:00,de:09564:1446:0:1,18,,0,0
19.T0.13-44-j26-2.2.H,09:03:00,09:03:00,de:09564:1445:0:1,19,,0,0
19.T0.13-44-j26-2.2.H,08:45:00,08:45:00,de:09564:546:13:1,2,,0,0
19.T0.13-44-j26-2.2.H,08:46:00,08:46:00,de:09564:462:0:1,3,,0,0
19.T0.13-44-j26-2.2.H,08:47:00,08:47:00,de:09564:460:0:1,4,,0,0
19.T0.13-44-j26-2.2.H,08:48:00,08:48:00,de:09564:420:0:3,5,,0,0
19.T0.13-44-j26-2.2.H,08:49:00,08:49:00,de:09564:459:0:1,6,,0,0
19.T0.13-44-j26-2.2.H,08:50:00,08:50:00,de:09564:458:0:1,7,,0,0
19.T0.13-44-j26-2.2.H,08:51:00,08:51:00,de:09564:457:0:1,8,,0,0
19.T0.13-44-j26-2.2.H,08:52:00,08:52:00,de:09564:411:3:1,9,,0,0
20.T0.13-31-j26-1.10.H,08:13:00,08:13:00,de:09564:1324:3:6,1,,0,0
20.T0.13-31-j26-1.10.H,08:24:00,08:24:00,de:09564:1354:0:2,10,,0,0
20.T0.13-31-j26-1.10.H,08:25:00,08:25:00,de:09564:1353:0:2,11,,0,0
20.T0.13-31-j26-1.10.H,08:26:00,08:26:00,de:09564:1331:0:11,12,,0,0
20.T0.13-31-j26-1.10.H,08:28:00,08:28:00,de:09564:1351:0:2,13,,0,0
20.T0.13-31-j26-1.10.H,08:29:00,08:29:00,de:09564:1350:0:2,14,,0,0
20.T0.13-31-j26-1.10.H,08:31:00,08:31:00,de:09564:1322:0:1,15,,0,0
20.T0.13-31-j26-1.10.H,08:33:00,08:33:00,de:09564:1301:13:3,16,,0,0
20.T0.13-31-j26-1.10.H,08:35:00,08:35:00,de:09564:1302:0:1,17,,0,0
20.T0.13-31-j26-1.10.H,08:36:00,08:36:00,de:09564:1296:0:1,18,,0,0
20.T0.13-31-j26-1.10.H,08:39:00,08:40:00,de:09564:1283:13:2,19,,0,0
20.T0.13-31-j26-1.10.H,08:14:00,08:14:00,de:09564:1376:0:1,2,,0,0
20.T0.13-31-j26-1.10.H,08:43:00,08:43:00,de:09564:1281:0:1,20,,0,0
20.T0.13-31-j26-1.10.H,08:44:00,08:44:00,de:09564:1305:0:1,21,,0,0
20.T0.13-31-j26-1.10.H,08:45:00,08:45:00,de:09564:1280:0:3,22,,0,0
20.T0.13-31-j26-1.10.H,08:47:00,08:47:00,de:09564:1279:0:1,23,,0,0
20.T0.13-31-j26-1.10.H,08:48:00,08:48:00,de:09564:1278:0:1,24,,0,0
20.T0.13-31-j26-1.10.H,08:49:00,08:49:00,de:09564:1277:0:1,25,,0,0
20.T0.13-31-j26-1.10.H,08:51:00,08:51:00,de:09564:1276:0:1,26,,0,0
20.T0.13-31-j26-1.10.H,08:52:00,08:52:00,de:09564:1275:0:41,27,,0,0
20.T0.13-31-j26-1.10.H,08:54:00,08:54:00,de:09564:1241:0:1,28,,0,0
20.T0.13-31-j26-1.10.H,08:55:00,08:55:00,de:09564:1242:0:1,29,,0,0
20.T0.13-31-j26-1.10.H,08:15:00,08:15:00,de:09564:1375:0:1,3,,0,0
20.T0.13-31-j26-1.10.H,08:57:00,08:57:00,de:09564:1274:0:2,30,,0,0
20.T0.13-31-j26-1.10.H,08:59:00,08:59:00,de:09564:1271:0:3,31,,0,0
20.T0.13-31-j26-1.10.H,08:17:00,08:17:00,de:09564:1374:0:1,4,,0,0
20.T0.13-31-j26-1.10.H,08:18:00,08:18:00,de:09564:1373:0:1,5,,0,0
20.T0.13-31-j26-1.10.H,08:19:00,08:19:00,de:09564:1380:0:1,6,,0,0
20.T0.13-31-j26-1.10.H,08:20:00,08:20:00,de:09564:1398:0:1,7,,0,0
20.T0.13-31-j26-1.10.H,08:21:00,08:21:00,de:09564:1372:0:1,8,,0,0
20.T0.13-31-j26-1.10.H,08:23:00,08:23:00,de:09564:1356:13:2,9,,0,0
20.T0.13-43-j26-2.5.H,08:18:00,08:18:00,de:09564:510:3:D,1,,0,0
20.T0.13-43-j26-2.5.H,08:28:00,08:28:00,de:09564:455:0:1,10,,0,0
20.T0.13-43-j26-2.5.H,08:29:00,08:29:00,de:09564:454:0:1,11,,0,0
20.T0.13-43-j26-2.5.H,08:31:00,08:31:00,de:09564:1457:0:1,12,,0,0
20.T0.13-43-j26-2.5.H,08:32:00,08:32:00,de:09564:1458:0:1,13,,0,0
20.T0.13-43-j26-2.5.H,08:33:00,08:33:00,de:09564:1459:0:41,14,,0,0
20.T0.13-43-j26-2.5.H,08:34:00,08:34:00,de:09564:1460:0:1,15,,0,0
20.T0.13-43-j26-2.5.H,08:35:00,08:35:00,de:09564:453:0:41,16,,0,0
20.T0.13-43-j26-2.5.H,08:20:00,08:20:00,de:09564:546:13:1,2,,0,0
20.T0.13-43-j26-2.5.H,08:21:00,08:21:00,de:09564:462:0:1,3,,0,0
20.T0.13-43-j26-2.5.H,08:22:00,08:22:00,de:09564:460:0:1,4,,0,0
20.T0.13-43-j26-2.5.H,08:23:00,08:23:00,de:09564:420:0:3,5,,0,0
20.T0.13-43-j26-2.5.H,08:24:00,08:24:00,de:09564:459:0:1,6,,0,0
20.T0.13-43-j26-2.5.H,08:25:00,08:25:00,de:09564:458:0:1,7,,0,0
20.T0.13-43-j26-2.5.H,08:26:00,08:26:00,de:09564:457:0:1,8,,0,0
20.T0.13-43-j26-2.5.H,08:27:00,08:27:00,de:09564:411:3:1,9,,0,0
20.T0.13-44-j26-2.1.H,08:53:00,08:53:00,de:09564:510:3:D,1,,0,0
20.T0.13-44-j26-2.1.H,09:03:00,09:03:00,de:09564:455:0:1,10,,0,0
20.T0.13-44-j26-2.1.H,09:04:00,09:04:00,de:09564:454:0:1,11,,0,0
20.T0.13-44-j26-2.1.H,09:05:00,09:05:00,de:09564:1457:0:3,12,,0,0
20.T0.13-44-j26-2.1.H,09:06:00,09:06:00,de:09564:1454:0:1,13,,0,0
20.T0.13-44-j26-2.1.H,09:07:00,09:07:00,de:09564:1453:0:1,14,,0,0
20.T0.13-44-j26-2.1.H,09:09:00,09:09:00,de:09564:1452:0:1,15,,0,0
20.T0.13-44-j26-2.1.H,09:10:00,09:10:00,de:09564:1451:0:1,16,,0,0
20.T0.13-44-j26-2.1.H,09:11:00,09:11:00,de:09564:1448:0:1,17,,0,0
20.T0.13-44-j26-2.1.H,09:12:00,09:12:00,de:09564:1446:0:1,18,,0,0
20.T0.13-44-j26-2.1.H,09:19:00,09:19:00,de:09564:261:0:1,19,,0,0
20.T0.13-44-j26-2.1.H,08:55:00,08:55:00,de:09564:546:13:1,2,,0,0
20.T0.13-44-j26-2.1.H,09:20:00,09:20:00,de:09564:1672:0:2,20,,0,0
20.T0.13-44-j26-2.1.H,09:21:00,09:21:00,de:09564:1565:0:2,21,,0,0
20.T0.13-44-j26-2.1.H,09:22:00,09:22:00,de:09564:1566:0:2,22,,0,0
20.T0.13-44-j26-2.1.H,09:24:00,09:24:00,de:09564:1567:3:6,23,,0,0
20.T0.13-44-j26-2.1.H,08:56:00,08:56:00,de:09564:462:0:1,3,,0,0
20.T0.13-44-j26-2.1.H,08:57:00,08:57:00,de:09564:460:0:1,4,,0,0
20.T0.13-44-j26-2.1.H,08:58:00,08:58:00,de:09564:420:0:3,5,,0,0
20.T0.13-44-j26-2.1.H,08:59:00,08:59:00,de:09564:459:0:1,6,,0,0
20.T0.13-44-j26-2.1.H,09:00:00,09:00:00,de:09564:458:0:1,7,,0,0
20.T0.13-44-j26-2.1.H,09:01:00,09:01:00,de:09564:457:0:1,8,,0,0
20.T0.13-44-j26-2.1.H,09:02:00,09:02:00,de:09564:411:3:1,9,,0,0
21.T0.13-31-j26-1.8.H,08:18:00,08:18:00,de:09564:1324:3:6,1,,0,0
21.T0.13-31-j26-1.8.H,08:19:00,08:19:00,de:09564:1376:0:1,2,,0,0
21.T0.13-31-j26-1.8.H,08:20:00,08:20:00,de:09564:1375:0:1,3,,0,0
21.T0.13-31-j26-1.8.H,08:22:00,08:22:00,de:09564:1374:0:1,4,,0,0
21.T0.13-31-j26-1.8.H,08:23:00,08:23:00,de:09564:1373:0:1,5,,0,0
21.T0.13-43-j26-2.5.H,08:28:00,08:28:00,de:09564:510:3:D,1,,0,0
21.T0.13-43-j26-2.5.H,08:38:00,08:38:00,de:09564:455:0:1,10,,0,0
21.T0.13-43-j26-2.5.H,08:39:00,08:39:00,de:09564:454:0:1,11,,0,0
21.T0.13-43-j26-2.5.H,08:41:00,08:41:00,de:09564:1457:0:1,12,,0,0
21.T0.13-43-j26-2.5.H,08:42:00,08:42:00,de:09564:1458:0:1,13,,0,0
21.T0.13-43-j26-2.5.H,08:43:00,08:43:00,de:09564:1459:0:41,14,,0,0
21.T0.13-43-j26-2.5.H,08:44:00,08:44:00,de:09564:1460:0:1,15,,0,0
21.T0.13-43-j26-2.5.H,08:45:00,08:45:00,de:09564:453:0:41,16,,0,0
21.T0.13-43-j26-2.5.H,08:30:00,08:30:00,de:09564:546:13:1,2,,0,0
21.T0.13-43-j26-2.5.H,08:31:00,08:31:00,de:09564:462:0:1,3,,0,0
21.T0.13-43-j26-2.5.H,08:32:00,08:32:00,de:09564:460:0:1,4,,0,0
21.T0.13-43-j26-2.5.H,08:33:00,08:33:00,de:09564:420:0:3,5,,0,0
21.T0.13-43-j26-2.5.H,08:34:00,08:34:00,de:09564:459:0:1,6,,0,0
21.T0.13-43-j26-2.5.H,08:35:00,08:35:00,de:09564:458:0:1,7,,0,0
21.T0.13-43-j26-2.5.H,08:36:00,08:36:00,de:09564:457:0:1,8,,0,0
21.T0.13-43-j26-2.5.H,08:37:00,08:37:00,de:09564:411:3:1,9,,0,0
22.T0.13-31-j26-1.8.H,08:28:00,08:28:00,de:09564:1324:3:6,1,,0,0
22.T0.13-31-j26-1.8.H,08:29:00,08:29:00,de:09564:1376:0:1,2,,0,0
22.T0.13-31-j26-1.8.H,08:30:00,08:30:00,de:09564:1375:0:1,3,,0,0
22.T0.13-31-j26-1.8.H,08:32:00,08:32:00,de:09564:1374:0:1,4,,0,0
22.T0.13-31-j26-1.8.H,08:33:00,08:33:00,de:09564:1373:0:1,5,,0,0
22.T0.13-43-j26-2.5.H,08:38:00,08:38:00,de:09564:510:3:D,1,,0,0
22.T0.13-43-j26-2.5.H,08:48:00,08:48:00,de:09564:455:0:1,10,,0,0
22.T0.13-43-j26-2.5.H,08:49:00,08:49:00,de:09564:454:0:1,11,,0,0
22.T0.13-43-j26-2.5.H,08:51:00,08:51:00,de:09564:1457:0:1,12,,0,0
22.T0.13-43-j26-2.5.H,08:52:00,08:52:00,de:09564:1458:0:1,13,,0,0
22.T0.13-43-j26-2.5.H,08:53:00,08:53:00,de:09564:1459:0:41,14,,0,0
22.T0.13-43-j26-2.5.H,08:54:00,08:54:00,de:09564:1460:0:1,15,,0,0
22.T0.13-43-j26-2.5.H,08:55:00,08:55:00,de:09564:453:0:41,16,,0,0
22.T0.13-43-j26-2.5.H,08:40:00,08:40:00,de:09564:546:13:1,2,,0,0
22.T0.13-43-j26-2.5.H,08:41:00,08:41:00,de:09564:462:0:1,3,,0,0
22.T0.13-43-j26-2.5.H,08:42:00,08:42:00,de:09564:460:0:1,4,,0,0
22.T0.13-43-j26-2.5.H,08:43:00,08:43:00,de:09564:420:0:3,5,,0,0
22.T0.13-43-j26-2.5.H,08:44:00,08:44:00,de:09564:459:0:1,6,,0,0
22.T0.13-43-j26-2.5.H,08:45:00,08:45:00,de:09564:458:0:1,7,,0,0
22.T0.13-43-j26-2.5.H,08:46:00,08:46:00,de:09564:457:0:1,8,,0,0
22.T0.13-43-j26-2.5.H,08:47:00,08:47:00,de:09564:411:3:1,9,,0,0
23.T0.13-31-j26-1.9.H,08:33:00,08:33:00,de:09564:1324:3:6,1,,0,0
23.T0.13-31-j26-1.9.H,08:44:00,08:44:00,de:09564:1354:0:2,10,,0,0
23.T0.13-31-j26-1.9.H,08:45:00,08:45:00,de:09564:1353:0:2,11,,0,0
23.T0.13-31-j26-1.9.H,08:46:00,08:46:00,de:09564:1331:0:11,12,,0,0
23.T0.13-31-j26-1.9.H,08:48:00,08:48:00,de:09564:1351:0:2,13,,0,0
23.T0.13-31-j26-1.9.H,08:49:00,08:49:00,de:09564:1350:0:2,14,,0,0
23.T0.13-31-j26-1.9.H,08:51:00,08:51:00,de:09564:1322:0:1,15,,0,0
23.T0.13-31-j26-1.9.H,08:53:00,08:53:00,de:09564:1301:13:3,16,,0,0
23.T0.13-31-j26-1.9.H,08:55:00,08:55:00,de:09564:1302:0:1,17,,0,0
23.T0.13-31-j26-1.9.H,08:56:00,08:56:00,de:09564:1296:0:1,18,,0,0
23.T0.13-31-j26-1.9.H,08:59:00,08:59:00,de:09564:1283:13:2,19,,0,0
23.T0.13-31-j26-1.9.H,08:34:00,08:34:00,de:09564:1376:0:1,2,,0,0
23.T0.13-31-j26-1.9.H,08:35:00,08:35:00,de:09564:1375:0:1,3,,0,0
23.T0.13-31-j26-1.9.H,08:37:00,08:37:00,de:09564:1374:0:1,4,,0,0
23.T0.13-31-j26-1.9.H,08:38:00,08:38:00,de:09564:1373:0:1,5,,0,0
23.T0.13-31-j26-1.9.H,08:39:00,08:39:00,de:09564:1380:0:1,6,,0,0
23.T0.13-31-j26-1.9.H,08:40:00,08:40:00,de:09564:1398:0:1,7,,0,0
23.T0.13-31-j26-1.9.H,08:41:00,08:41:00,de:09564:1372:0:1,8,,0,0
23.T0.13-31-j26-1.9.H,08:43:00,08:43:00,de:09564:1356:13:2,9,,0,0
23.T0.13-43-j26-2.5.H,08:48:00,08:48:00,de:09564:510:3:D,1,,0,0
23.T0.13-43-j26-2.5.H,08:58:00,08:58:00,de:09564:455:0:1,10,,0,0
23.T0.13-43-j26-2.5.H,08:59:00,08:59:00,de:09564:454:0:1,11,,0,0
23.T0.13-43-j26-2.5.H,09:01:00,09:01:00,de:09564:1457:0:1,12,,0,0
23.T0.13-43-j26-2.5.H,09:02:00,09:02:00,de:09564:1458:0:1,13,,0,0
23.T0.13-43-j26-2.5.H,09:03:00,09:03:00,de:09564:1459:0:41,14,,0,0
23.T0.13-43-j26-2.5.H,09:04:00,09:04:00,de:09564:1460:0:1,15,,0,0
23.T0.13-43-j26-2.5.H,09:05:00,09:05:00,de:09564:453:0:41,16,,0,0
23.T0.13-43-j26-2.5.H,08:50:00,08:50:00,de:09564:546:13:1,2,,0,0
23.T0.13-43-j26-2.5.H,08:51:00,08:51:00,de:09564:462:0:1,3,,0,0
23.T0.13-43-j26-2.5.H,08:52:00,08:52:00,de:09564:460:0:1,4,,0,0
23.T0.13-43-j26-2.5.H,08:53:00,08:53:00,de:09564:420:0:3,5,,0,0
23.T0.13-43-j26-2.5.H,08:54:00,08:54:00,de:09564:459:0:1,6,,0,0
23.T0.13-43-j26-2.5.H,08:55:00,08:55:00,de:09564:458:0:1,7,,0,0
23.T0.13-43-j26-2.5.H,08:56:00,08:56:00,de:09564:457:0:1,8,,0,0
23.T0.13-43-j26-2.5.H,08:57:00,08:57:00,de:09564:411:3:1,9,,0,0
24.T0.13-31-j26-1.8.H,08:38:00,08:38:00,de:09564:1324:3:6,1,,0,0
24.T0.13-31-j26-1.8.H,08:39:00,08:39:00,de:09564:1376:0:1,2,,0,0
24.T0.13-31-j26-1.8.H,08:40:00,08:40:00,de:09564:1375:0:1,3,,0,0
24.T0.13-31-j26-1.8.H,08:42:00,08:42:00,de:09564:1374:0:1,4,,0,0
24.T0.13-31-j26-1.8.H,08:43:00,08:43:00,de:09564:1373:0:1,5,,0,0
24.T0.13-43-j26-2.5.H,08:58:00,08:58:00,de:09564:510:3:D,1,,0,0
24.T0.13-43-j26-2.5.H,09:08:00,09:08:00,de:09564:455:0:1,10,,0,0
24.T0.13-43-j26-2.5.H,09:09:00,09:09:00,de:09564:454:0:1,11,,0,0
24.T0.13-43-j26-2.5.H,09:11:00,09:11:00,de:09564:1457:0:1,12,,0,0
24.T0.13-43-j26-2.5.H,09:12:00,09:12:00,de:09564:1458:0:1,13,,0,0
24.T0.13-43-j26-2.5.H,09:13:00,09:13:00,de:09564:1459:0:41,14,,0,0
24.T0.13-43-j26-2.5.H,09:14:00,09:14:00,de:09564:1460:0:1,15,,0,0
24.T0.13-43-j26-2.5.H,09:15:00,09:15:00,de:09564:453:0:41,16,,0,0
24.T0.13-43-j26-2.5.H,09:00:00,09:00:00,de:09564:546:13:1,2,,0,0
24.T0.13-43-j26-2.5.H,09:01:00,09:01:00,de:09564:462:0:1,3,,0,0
24.T0.13-43-j26-2.5.H,09:02:00,09:02:00,de:09564:460:0:1,4,,0,0
24.T0.13-43-j26-2.5.H,09:03:00,09:03:00,de:09564:420:0:3,5,,0,0
24.T0.13-43-j26-2.5.H,09:04:00,09:04:00,de:09564:459:0:1,6,,0,0
24.T0.13-43-j26-2.5.H,09:05:00,09:05:00,de:09564:458:0:1,7,,0,0
24.T0.13-43-j26-2.5.H,09:06:00,09:06:00,de:09564:457:0:1,8,,0,0
24.T0.13-43-j26-2.5.H,09:07:00,09:07:00,de:09564:411:3:1,9,,0,0
25.T0.13-31-j26-1.8.H,08:48:00,08:48:00,de:09564:1324:3:6,1,,0,0
25.T0.13-31-j26-1.8.H,08:49:00,08:49:00,de:09564:1376:0:1,2,,0,0
25.T0.13-31-j26-1.8.H,08:50:00,08:50:00,de:09564:1375:0:1,3,,0,0
25.T0.13-31-j26-1.8.H,08:52:00,08:52:00,de:09564:1374:0:1,4,,0,0
25.T0.13-31-j26-1.8.H,08:53:00,08:53:00,de:09564:1373:0:1,5,,0,0
26.T0.13-31-j26-1.3.H,08:53:00,08:53:00,de:09564:1324:3:6,1,,0,0
26.T0.13-31-j26-1.3.H,09:04:00,09:04:00,de:09564:1354:0:2,10,,0,0
26.T0.13-31-j26-1.3.H,09:05:00,09:05:00,de:09564:1353:0:2,11,,0,0
26.T0.13-31-j26-1.3.H,09:06:00,09:06:00,de:09564:1331:0:11,12,,0,0
26.T0.13-31-j26-1.3.H,09:08:00,09:08:00,de:09564:1351:0:2,13,,0,0
26.T0.13-31-j26-1.3.H,09:09:00,09:09:00,de:09564:1350:0:2,14,,0,0
26.T0.13-31-j26-1.3.H,09:11:00,09:11:00,de:09564:1322:0:1,15,,0,0
26.T0.13-31-j26-1.3.H,09:13:00,09:13:00,de:09564:1301:13:3,16,,0,0
26.T0.13-31-j26-1.3.H,09:15:00,09:15:00,de:09564:1302:0:1,17,,0,0
26.T0.13-31-j26-1.3.H,09:16:00,09:16:00,de:09564:1296:0:1,18,,0,0
26.T0.13-31-j26-1.3.H,09:19:00,09:20:00,de:09564:1283:13:2,19,,0,0
26.T0.13-31-j26-1.3.H,08:54:00,08:54:00,de:09564:1376:0:1,2,,0,0
26.T0.13-31-j26-1.3.H,09:23:00,09:23:00,de:09564:1281:0:1,20,,0,0
26.T0.13-31-j26-1.3.H,09:24:00,09:24:00,de:09564:1305:0:1,21,,0,0
26.T0.13-31-j26-1.3.H,09:25:00,09:25:00,de:09564:1280:0:3,22,,0,0
26.T0.13-31-j26-1.3.H,09:27:00,09:27:00,de:09564:1279:0:1,23,,0,0
26.T0.13-31-j26-1.3.H,09:28:00,09:28:00,de:09564:1278:0:1,24,,0,0
26.T0.13-31-j26-1.3.H,09:29:00,09:29:00,de:09564:1277:0:1,25,,0,0
26.T0.13-31-j26-1.3.H,09:31:00,09:31:00,de:09564:1276:0:1,26,,0,0
26.T0.13-31-j26-1.3.H,09:32:00,09:32:00,de:09564:1275:0:42,27,,0,0
26.T0.13-31-j26-1.3.H,09:33:00,09:33:00,de:09564:1276:0:2,28,,0,0
26.T0.13-31-j26-1.3.H,08:55:00,08:55:00,de:09564:1375:0:1,3,,0,0
26.T0.13-31-j26-1.3.H,08:57:00,08:57:00,de:09564:1374:0:1,4,,0,0
26.T0.13-31-j26-1.3.H,08:58:00,08:58:00,de:09564:1373:0:1,5,,0,0
26.T0.13-31-j26-1.3.H,08:59:00,08:59:00,de:09564:1380:0:1,6,,0,0
26.T0.13-31-j26-1.3.H,09:00:00,09:00:00,de:09564:1398:0:1,7,,0,0
26.T0.13-31-j26-1.3.H,09:01:00,09:01:00,de:09564:1372:0:1,8,,0,0
26.T0.13-31-j26-1.3.H,09:03:00,09:03:00,de:09564:1356:13:2,9,,0,0
5.T0.13-44-j26-2.2.H,06:23:00,06:23:00,de:09564:510:3:D,1,,0,0
5.T0.13-44-j26-2.2.H,06:33:00,06:33:00,de:09564:455:0:1,10,,0,0
5.T0.13-44-j26-2.2.H,06:34:00,06:34:00,de:09564:454:0:1,11,,0,0
5.T0.13-44-j26-2.2.H,06:35:00,06:35:00,de:09564:1457:0:3,12,,0,0
5.T0.13-44-j26-2.2.H,06:36:00,06:36:00,de:09564:1454:0:1,13,,0,0
5.T0.13-44-j26-2.2.H,06:37:00,06:37:00,de:09564:1453:0:1,14,,0,0
5.T0.13-44-j26-2.2.H,06:39:00,06:39:00,de:09564:1452:0:1,15,,0,0
5.T0.13-44-j26-2.2.H,06:40:00,06:40:00,de:09564:1451:0:1,16,,0,0
5.T0.13-44-j26-2.2.H,06:41:00,06:41:00,de:09564:1448:0:1,17,,0,0
5.T0.13-44-j26-2.2.H,06:42:00,06:42:00,de:09564:1446:0:1,18,,0,0
5.T0.13-44-j26-2.2.H,06:43:00,06:43:00,de:09564:1445:0:1,19,,0,0
5.T0.13-44-j26-2.2.H,06:25:00,06:25:00,de:09564:546:13:1,2,,0,0
5.T0.13-44-j26-2.2.H,06:26:00,06:26:00,de:09564:462:0:1,3,,0,0
5.T0.13-44-j26-2.2.H,06:27:00,06:27:00,de:09564:460:0:1,4,,0,0
5.T0.13-44-j26-2.2.H,06:28:00,06:28:00,de:09564:420:0:3,5,,0,0
5.T0.13-44-j26-2.2.H,06:29:00,06:29:00,de:09564:459:0:1,6,,0,0
5.T0.13-44-j26-2.2.H,06:30:00,06:30:00,de:09564:458:0:1,7,,0,0
5.T0.13-44-j26-2.2.H,06:31:00,06:31:00,de:09564:457:0:1,8,,0,0
5.T0.13-44-j26-2.2.H,06:32:00,06:32:00,de:09564:411:3:1,9,,0,0
55.T0.13-30-j26-2.17.R,06:22:00,06:22:00,de:09562:3151:0:42,1,,0,0
55.T0.13-30-j26-2.17.R,06:43:00,06:43:00,de:09564:1271:0:2,10,,0,0
55.T0.13-30-j26-2.17.R,06:45:00,06:45:00,de:09564:1280:0:2,11,,0,0
55.T0.13-30-j26-2.17.R,06:49:00,06:50:00,de:09564:1283:13:6,12,,0,0
55.T0.13-30-j26-2.17.R,06:51:00,06:51:00,de:09564:1313:0:2,13,,0,0
55.T0.13-30-j26-2.17.R,06:53:00,06:53:00,de:09564:1246:0:2,14,,0,0
55.T0.13-30-j26-2.17.R,06:55:00,06:55:00,de:09564:1400:0:2,15,,0,0
55.T0.13-30-j26-2.17.R,06:57:00,06:57:00,de:09564:1391:3:7,16,,0,0
55.T0.13-30-j26-2.17.R,06:59:00,06:59:00,de:09564:1396:0:2,17,,0,0
55.T0.13-30-j26-2.17.R,07:00:00,07:00:00,de:09564:1287:0:2,18,,0,0
55.T0.13-30-j26-2.17.R,07:02:00,07:02:00,de:09564:1350:0:1,19,,0,0
55.T0.13-30-j26-2.17.R,06:29:00,06:29:00,de:09562:3480:0:2,2,,0,0
55.T0.13-30-j26-2.17.R,07:03:00,07:03:00,de:09564:1351:0:1,20,,0,0
55.T0.13-30-j26-2.17.R,07:05:00,07:05:00,de:09564:1331:0:10,21,,0,0
55.T0.13-30-j26-2.17.R,07:06:00,07:06:00,de:09564:1353:0:1,22,,0,0
55.T0.13-30-j26-2.17.R,07:07:00,07:07:00,de:09564:1354:0:1,23,,0,0
55.T0.13-30-j26-2.17.R,07:08:00,07:08:00,de:09564:1356:3:1,24,,0,0
55.T0.13-30-j26-2.17.R,07:10:00,07:10:00,de:09564:1372:0:2,25,,0,0
55.T0.13-30-j26-2.17.R,07:11:00,07:11:00,de:09564:1398:0:2,26,,0,0
55.T0.13-30-j26-2.17.R,07:12:00,07:12:00,de:09564:1380:0:2,27,,0,0
55.T0.13-30-j26-2.17.R,07:13:00,07:13:00,de:09564:1373:0:2,28,,0,0
55.T0.13-30-j26-2.17.R,07:14:00,07:14:00,de:09564:1374:0:2,29,,0,0
55.T0.13-30-j26-2.17.R,06:30:00,06:30:00,de:09562:3479:0:2,3,,0,0
55.T0.13-30-j26-2.17.R,07:16:00,07:16:00,de:09564:1375:0:2,30,,0,0
55.T0.13-30-j26-2.17.R,07:17:00,07:17:00,de:09564:1376:0:2,31,,0,0
55.T0.13-30-j26-2.17.R,07:18:00,07:18:00,de:09564:1324:3:7,32,,0,0
55.T0.13-30-j26-2.17.R,07:20:00,07:20:00,de:09564:1333:0:2,33,,0,0
55.T0.13-30-j26-2.17.R,07:21:00,07:21:00,de:09564:1334:0:2,34,,0,0
55.T0.13-30-j26-2.17.R,07:23:00,07:23:00,de:09564:1335:13:8,35,,0,0
55.T0.13-30-j26-2.17.R,06:31:00,06:31:00,de:09562:3475:0:2,4,,0,0
55.T0.13-30-j26-2.17.R,06:32:00,06:32:00,de:09562:3474:0:2,5,,0,0
55.T0.13-30-j26-2.17.R,06:34:00,06:34:00,de:09562:3473:0:2,6,,0,0
55.T0.13-30-j26-2.17.R,06:39:00,06:39:00,de:09564:1303:0:2,7,,0,0
55.T0.13-30-j26-2.17.R,06:41:00,06:41:00,de:09564:1273:0:2,8,,0,0
55.T0.13-30-j26-2.17.R,06:42:00,06:42:00,de:09564:1274:0:2,9,,0,0
56.T0.13-30-j26-2.17.R,06:42:00,06:42:00,de:09562:3151:0:42,1,,0,0
56.T0.13-30-j26-2.17.R,07:03:00,07:03:00,de:09564:1271:0:2,10,,0,0
56.T0.13-30-j26-2.17.R,07:05:00,07:05:00,de:09564:1280:0:2,11,,0,0
56.T0.13-30-j26-2.17.R,07:09:00,07:10:00,de:09564:1283:13:6,12,,0,0
56.T0.13-30-j26-2.17.R,07:11:00,07:11:00,de:09564:1313:0:2,13,,0,0
56.T0.13-30-j26-2.17.R,07:13:00,07:13:00,de:09564:1246:0:2,14,,0,0
56.T0.13-30-j26-2.17.R,07:15:00,07:15:00,de:09564:1400:0:2,15,,0,0
56.T0.13-30-j26-2.17.R,07:17:00,07:17:00,de:09564:1391:3:7,16,,0,0
56.T0.13-30-j26-2.17.R,07:19:00,07:19:00,de:09564:1396:0:2,17,,0,0
56.T0.13-30-j26-2.17.R,07:20:00,07:20:00,de:09564:1287:0:2,18,,0,0
56.T0.13-30-j26-2.17.R,07:22:00,07:22:00,de:09564:1350:0:1,19,,0,0
56.T0.13-30-j26-2.17.R,06:49:00,06:49:00,de:09562:3480:0:2,2,,0,0
56.T0.13-30-j26-2.17.R,07:23:00,07:23:00,de:09564:1351:0:1,20,,0,0
56.T0.13-30-j26-2.17.R,07:25:00,07:25:00,de:09564:1331:0:10,21,,0,0
56.T0.13-30-j26-2.17.R,07:26:00,07:26:00,de:09564:1353:0:1,22,,0,0
56.T0.13-30-j26-2.17.R,07:27:00,07:27:00,de:09564:1354:0:1,23,,0,0
56.T0.13-30-j26-2.17.R,07:28:00,07:28:00,de:09564:1356:3:1,24,,0,0
56.T0.13-30-j26-2.17.R,07:30:00,07:30:00,de:09564:1372:0:2,25,,0,0
56.T0.13-30-j26-2.17.R,07:31:00,07:31:00,de:09564:1398:0:2,26,,0,0
56.T0.13-30-j26-2.17.R,07:32:00,07:32:00,de:09564:1380:0:2,27,,0,0
56.T0.13-30-j26-2.17.R,07:33:00,07:33:00,de:09564:1373:0:2,28,,0,0
56.T0.13-30-j26-2.17.R,07:34:00,07:34:00,de:09564:1374:0:2,29,,0,0
56.T0.13-30-j26-2.17.R,06:50:00,06:50:00,de:09562:3479:0:2,3,,0,0
56.T0.13-30-j26-2.17.R,07:36:00,07:36:00,de:09564:1375:0:2,30,,0,0
56.T0.13-30-j26-2.17.R,07:37:00,07:37:00,de:09564:1376:0:2,31,,0,0
56.T0.13-30-j26-2.17.R,07:38:00,07:38:00,de:09564:1324:3:7,32,,0,0
56.T0.13-30-j26-2.17.R,07:40:00,07:40:00,de:09564:1333:0:2,33,,0,0
56.T0.13-30-j26-2.17.R,07:41:00,07:41:00,de:09564:1334:0:2,34,,0,0
56.T0.13-30-j26-2.17.R,07:43:00,07:43:00,de:09564:1335:13:8,35,,0,0
56.T0.13-30-j26-2.17.R,06:51:00,06:51:00,de:09562:3475:0:2,4,,0,0
56.T0.13-30-j26-2.17.R,06:52:00,06:52:00,de:09562:3474:0:2,5,,0,0
56.T0.13-30-j26-2.17.R,06:54:00,06:54:00,de:09562:3473:0:2,6,,0,0
56.T0.13-30-j26-2.17.R,06:59:00,06:59:00,de:09564:1303:0:2,7,,0,0
56.T0.13-30-j26-2.17.R,07:01:00,07:01:00,de:09564:1273:0:2,8,,0,0
56.T0.13-30-j26-2.17.R,07:02:00,07:02:00,de:09564:1274:0:2,9,,0,0
57.T0.13-30-j26-2.17.R,07:02:00,07:02:00,de:09562:3151:0:42,1,,0,0
57.T0.13-30-j26-2.17.R,07:23:00,07:23:00,de:09564:1271:0:2,10,,0,0
57.T0.13-30-j26-2.17.R,07:25:00,07:25:00,de:09564:1280:0:2,11,,0,0
57.T0.13-30-j26-2.17.R,07:29:00,07:30:00,de:09564:1283:13:6,12,,0,0
57.T0.13-30-j26-2.17.R,07:31:00,07:31:00,de:09564:1313:0:2,13,,0,0
57.T0.13-30-j26-2.17.R,07:33:00,07:33:00,de:09564:1246:0:2,14,,0,0
57.T0.13-30-j26-2.17.R,07:35:00,07:35:00,de:09564:1400:0:2,15,,0,0
57.T0.13-30-j26-2.17.R,07:37:00,07:37:00,de:09564:1391:3:7,16,,0,0
57.T0.13-30-j26-2.17.R,07:39:00,07:39:00,de:09564:1396:0:2,17,,0,0
57.T0.13-30-j26-2.17.R,07:40:00,07:40:00,de:09564:1287:0:2,18,,0,0
57.T0.13-30-j26-2.17.R,07:42:00,07:42:00,de:09564:1350:0:1,19,,0,0
57.T0.13-30-j26-2.17.R,07:09:00,07:09:00,de:09562:3480:0:2,2,,0,0
57.T0.13-30-j26-2.17.R,07:43:00,07:43:00,de:09564:1351:0:1,20,,0,0
57.T0.13-30-j26-2.17.R,07:45:00,07:45:00,de:09564:1331:0:10,21,,0,0
57.T0.13-30-j26-2.17.R,07:46:00,07:46:00,de:09564:1353:0:1,22,,0,0
57.T0.13-30-j26-2.17.R,07:47:00,07:47:00,de:09564:1354:0:1,23,,0,0
57.T0.13-30-j26-2.17.R,07:48:00,07:48:00,de:09564:1356:3:1,24,,0,0
57.T0.13-30-j26-2.17.R,07:50:00,07:50:00,de:09564:1372:0:2,25,,0,0
57.T0.13-30-j26-2.17.R,07:51:00,07:51:00,de:09564:1398:0:2,26,,0,0
57.T0.13-30-j26-2.17.R,07:52:00,07:52:00,de:09564:1380:0:2,27,,0,0
57.T0.13-30-j26-2.17.R,07:53:00,07:53:00,de:09564:1373:0:2,28,,0,0
57.T0.13-30-j26-2.17.R,07:54:00,07:54:00,de:09564:1374:0:2,29,,0,0
57.T0.13-30-j26-2.17.R,07:10:00,07:10:00,de:09562:3479:0:2,3,,0,0
57.T0.13-30-j26-2.17.R,07:56:00,07:56:00,de:09564:1375:0:2,30,,0,0
57.T0.13-30-j26-2.17.R,07:57:00,07:57:00,de:09564:1376:0:2,31,,0,0
57.T0.13-30-j26-2.17.R,07:58:00,07:58:00,de:09564:1324:3:7,32,,0,0
57.T0.13-30-j26-2.17.R,08:00:00,08:00:00,de:09564:1333:0:2,33,,0,0
57.T0.13-30-j26-2.17.R,08:01:00,08:01:00,de:09564:1334:0:2,34,,0,0
57.T0.13-30-j26-2.17.R,08:03:00,08:03:00,de:09564:1335:13:8,35,,0,0
57.T0.13-30-j26-2.17.R,07:11:00,07:11:00,de:09562:3475:0:2,4,,0,0
57.T0.13-30-j26-2.17.R,07:12:00,07:12:00,de:09562:3474:0:2,5,,0,0
57.T0.13-30-j26-2.17.R,07:14:00,07:14:00,de:09562:3473:0:2,6,,0,0
57.T0.13-30-j26-2.17.R,07:19:00,07:19:00,de:09564:1303:0:2,7,,0,0
57.T0.13-30-j26-2.17.R,07:21:00,07:21:00,de:09564:1273:0:2,8,,0,0
57.T0.13-30-j26-2.17.R,07:22:00,07:22:00,de:09564:1274:0:2,9,,0,0
58.T0.13-30-j26-2.17.R,07:22:00,07:22:00,de:09562:3151:0:42,1,,0,0
58.T0.13-30-j26-2.17.R,07:43:00,07:43:00,de:09564:1271:0:2,10,,0,0
58.T0.13-30-j26-2.17.R,07:45:00,07:45:00,de:09564:1280:0:2,11,,0,0
58.T0.13-30-j26-2.17.R,07:49:00,07:50:00,de:09564:1283:13:6,12,,0,0
58.T0.13-30-j26-2.17.R,07:51:00,07:51:00,de:09564:1313:0:2,13,,0,0
58.T0.13-30-j26-2.17.R,07:53:00,07:53:00,de:09564:1246:0:2,14,,0,0
58.T0.13-30-j26-2.17.R,07:55:00,07:55:00,de:09564:1400:0:2,15,,0,0
58.T0.13-30-j26-2.17.R,07:57:00,07:57:00,de:09564:1391:3:7,16,,0,0
58.T0.13-30-j26-2.17.R,07:59:00,07:59:00,de:09564:1396:0:2,17,,0,0
58.T0.13-30-j26-2.17.R,08:00:00,08:00:00,de:09564:1287:0:2,18,,0,0
58.T0.13-30-j26-2.17.R,08:02:00,08:02:00,de:09564:1350:0:1,19,,0,0
58.T0.13-30-j26-2.17.R,07:29:00,07:29:00,de:09562:3480:0:2,2,,0,0
58.T0.13-30-j26-2.17.R,08:03:00,08:03:00,de:09564:1351:0:1,20,,0,0
58.T0.13-30-j26-2.17.R,08:05:00,08:05:00,de:09564:1331:0:10,21,,0,0
58.T0.13-30-j26-2.17.R,08:06:00,08:06:00,de:09564:1353:0:1,22,,0,0
58.T0.13-30-j26-2.17.R,08:07:00,08:07:00,de:09564:1354:0:1,23,,0,0
58.T0.13-30-j26-2.17.R,08:08:00,08:08:00,de:09564:1356:3:1,24,,0,0
58.T0.13-30-j26-2.17.R,08:10:00,08:10:00,de:09564:1372:0:2,25,,0,0
58.T0.13-30-j26-2.17.R,08:11:00,08:11:00,de:09564:1398:0:2,26,,0,0
58.T0.13-30-j26-2.17.R,08:12:00,08:12:00,de:09564:1380:0:2,27,,0,0
58.T0.13-30-j26-2.17.R,08:13:00,08:13:00,de:09564:1373:0:2,28,,0,0
58.T0.13-30-j26-2.17.R,08:14:00,08:14:00,de:09564:1374:0:2,29,,0,0
58.T0.13-30-j26-2.17.R,07:30:00,07:30:00,de:09562:3479:0:2,3,,0,0
58.T0.13-30-j26-2.17.R,08:16:00,08:16:00,de:09564:1375:0:2,30,,0,0
58.T0.13-30-j26-2.17.R,08:17:00,08:17:00,de:09564:1376:0:2,31,,0,0
58.T0.13-30-j26-2.17.R,08:18:00,08:18:00,de:09564:1324:3:7,32,,0,0
58.T0.13-30-j26-2.17.R,08:20:00,08:20:00,de:09564:1333:0:2,33,,0,0
58.T0.13-30-j26-2.17.R,08:21:00,08:21:00,de:09564:1334:0:2,34,,0,0
58.T0.13-30-j26-2.17.R,08:23:00,08:23:00,de:09564:1335:13:8,35,,0,0
58.T0.13-30-j26-2.17.R,07:31:00,07:31:00,de:09562:3475:0:2,4,,0,0
58.T0.13-30-j26-2.17.R,07:32:00,07:32:00,de:09562:3474:0:2,5,,0,0
58.T0.13-30-j26-2.17.R,07:34:00,07:34:00,de:09562:3473:0:2,6,,0,0
58.T0.13-30-j26-2.17.R,07:39:00,07:39:00,de:09564:1303:0:2,7,,0,0
58.T0.13-30-j26-2.17.R,07:41:00,07:41:00,de:09564:1273:0:2,8,,0,0
58.T0.13-30-j26-2.17.R,07:42:00,07:42:00,de:09564:1274:0:2,9,,0,0
59.T0.13-30-j26-2.17.R,07:42:00,07:42:00,de:09562:3151:0:42,1,,0,0
59.T0.13-30-j26-2.17.R,08:03:00,08:03:00,de:09564:1271:0:2,10,,0,0
59.T0.13-30-j26-2.17.R,08:05:00,08:05:00,de:09564:1280:0:2,11,,0,0
59.T0.13-30-j26-2.17.R,08:09:00,08:10:00,de:09564:1283:13:6,12,,0,0
59.T0.13-30-j26-2.17.R,08:11:00,08:11:00,de:09564:1313:0:2,13,,0,0
59.T0.13-30-j26-2.17.R,08:13:00,08:13:00,de:09564:1246:0:2,14,,0,0
59.T0.13-30-j26-2.17.R,08:15:00,08:15:00,de:09564:1400:0:2,15,,0,0
59.T0.13-30-j26-2.17.R,08:17:00,08:17:00,de:09564:1391:3:7,16,,0,0
59.T0.13-30-j26-2.17.R,08:19:00,08:19:00,de:09564:1396:0:2,17,,0,0
59.T0.13-30-j26-2.17.R,08:20:00,08:20:00,de:09564:1287:0:2,18,,0,0
59.T0.13-30-j26-2.17.R,08:22:00,08:22:00,de:09564:1350:0:1,19,,0,0
59.T0.13-30-j26-2.17.R,07:49:00,07:49:00,de:09562:3480:0:2,2,,0,0
59.T0.13-30-j26-2.17.R,08:23:00,08:23:00,de:09564:1351:0:1,20,,0,0
59.T0.13-30-j26-2.17.R,08:25:00,08:25:00,de:09564:1331:0:10,21,,0,0
59.T0.13-30-j26-2.17.R,08:26:00,08:26:00,de:09564:1353:0:1,22,,0,0
59.T0.13-30-j26-2.17.R,08:27:00,08:27:00,de:09564:1354:0:1,23,,0,0
59.T0.13-30-j26-2.17.R,08:28:00,08:28:00,de:09564:1356:3:1,24,,0,0
59.T0.13-30-j26-2.17.R,08:30:00,08:30:00,de:09564:1372:0:2,25,,0,0
59.T0.13-30-j26-2.17.R,08:31:00,08:31:00,de:09564:1398:0:2,26,,0,0
59.T0.13-30-j26-2.17.R,08:32:00,08:32:00,de:09564:1380:0:2,27,,0,0
59.T0.13-30-j26-2.17.R,08:33:00,08:33:00,de:09564:1373:0:2,28,,0,0
59.T0.13-30-j26-2.17.R,08:34:00,08:34:00,de:09564:1374:0:2,29,,0,0
59.T0.13-30-j26-2.17.R,07:50:00,07:50:00,de:09562:3479:0:2,3,,0,0
59.T0.13-30-j26-2.17.R,08:36:00,08:36:00,de:09564:1375:0:2,30,,0,0
59.T0.13-30-j26-2.17.R,08:37:00,08:37:00,de:09564:1376:0:2,31,,0,0
59.T0.13-30-j26-2.17.R,08:38:00,08:38:00,de:09564:1324:3:7,32,,0,0
59.T0.13-30-j26-2.17.R,08:40:00,08:40:00,de:09564:1333:0:2,33,,0,0
59.T0.13-30-j26-2.17.R,08:41:00,08:41:00,de:09564:1334:0:2,34,,0,0
59.T0.13-30-j26-2.17.R,08:43:00,08:43:00,de:09564:1335:13:8,35,,0,0
59.T0.13-30-j26-2.17.R,07:51:00,07:51:00,de:09562:3475:0:2,4,,0,0
59.T0.13-30-j26-2.17.R,07:52:00,07:52:00,de:09562:3474:0:2,5,,0,0
59.T0.13-30-j26-2.17.R,07:54:00,07:54:00,de:09562:3473:0:2,6,,0,0
59.T0.13-30-j26-2.17.R,07:59:00,07:59:00,de:09564:1303:0:2,7,,0,0
59.T0.13-30-j26-2.17.R,08:01:00,08:01:00,de:09564:1273:0:2,8,,0,0
59.T0.13-30-j26-2.17.R,08:02:00,08:02:00,de:09564:1274:0:2,9,,0,0
6.T0.13-44-j26-2.1.H,06:33:00,06:33:00,de:09564:510:3:D,1,,0,0
6.T0.13-44-j26-2.1.H,06:43:00,06:43:00,de:09564:455:0:1,10,,0,0
6.T0.13-44-j26-2.1.H,06:44:00,06:44:00,de:09564:454:0:1,11,,0,0
6.T0.13-44-j26-2.1.H,06:45:00,06:45:00,de:09564:1457:0:3,12,,0,0
6.T0.13-44-j26-2.1.H,06:46:00,06:46:00,de:09564:1454:0:1,13,,0,0
6.T0.13-44-j26-2.1.H,06:47:00,06:47:00,de:09564:1453:0:1,14,,0,0
6.T0.13-44-j26-2.1.H,06:49:00,06:49:00,de:09564:1452:0:1,15,,0,0
6.T0.13-44-j26-2.1.H,06:50:00,06:50:00,de:09564:1451:0:1,16,,0,0
6.T0.13-44-j26-2.1.H,06:51:00,06:51:00,de:09564:1448:0:1,17,,0,0
6.T0.13-44-j26-2.1.H,06:52:00,06:52:00,de:09564:1446:0:1,18,,0,0
6.T0.13-44-j26-2.1.H,06:59:00,06:59:00,de:09564:261:0:1,19,,0,0
6.T0.13-44-j26-2.1.H,06:35:00,06:35:00,de:09564:546:13:1,2,,0,0
6.T0.13-44-j26-2.1.H,07:00:00,07:00:00,de:09564:1672:0:2,20,,0,0
6.T0.13-44-j26-2.1.H,07:01:00,07:01:00,de:09564:1565:0:2,21,,0,0
6.T0.13-44-j26-2.1.H,07:02:00,07:02:00,de:09564:1566:0:2,22,,0,0
6.T0.13-44-j26-2.1.H,07:04:00,07:04:00,de:09564:1567:3:6,23,,0,0
6.T0.13-44-j26-2.1.H,06:36:00,06:36:00,de:09564:462:0:1,3,,0,0
6.T0.13-44-j26-2.1.H,06:37:00,06:37:00,de:09564:460:0:1,4,,0,0
6.T0.13-44-j26-2.1.H,06:38:00,06:38:00,de:09564:420:0:3,5,,0,0
6.T0.13-44-j26-2.1.H,06:39:00,06:39:00,de:09564:459:0:1,6,,0,0
6.T0.13-44-j26-2.1.H,06:40:00,06:40:00,de:09564:458:0:1,7,,0,0
6.T0.13-44-j26-2.1.H,06:41:00,06:41:00,de:09564:457:0:1,8,,0,0
6.T0.13-44-j26-2.1.H,06:42:00,06:42:00,de:09564:411:3:1,9,,0,0
60.T0.13-30-j26-2.17.R,08:02:00,08:02:00,de:09562:3151:0:42,1,,0,0
60.T0.13-30-j26-2.17.R,08:23:00,08:23:00,de:09564:1271:0:2,10,,0,0
60.T0.13-30-j26-2.17.R,08:25:00,08:25:00,de:09564:1280:0:2,11,,0,0
60.T0.13-30-j26-2.17.R,08:29:00,08:30:00,de:09564:1283:13:6,12,,0,0
60.T0.13-30-j26-2.17.R,08:31:00,08:31:00,de:09564:1313:0:2,13,,0,0
60.T0.13-30-j26-2.17.R,08:33:00,08:33:00,de:09564:1246:0:2,14,,0,0
60.T0.13-30-j26-2.17.R,08:35:00,08:35:00,de:09564:1400:0:2,15,,0,0
60.T0.13-30-j26-2.17.R,08:37:00,08:37:00,de:09564:1391:3:7,16,,0,0
60.T0.13-30-j26-2.17.R,08:39:00,08:39:00,de:09564:1396:0:2,17,,0,0
60.T0.13-30-j26-2.17.R,08:40:00,08:40:00,de:09564:1287:0:2,18,,0,0
60.T0.13-30-j26-2.17.R,08:42:00,08:42:00,de:09564:1350:0:1,19,,0,0
60.T0.13-30-j26-2.17.R,08:09:00,08:09:00,de:09562:3480:0:2,2,,0,0
60.T0.13-30-j26-2.17.R,08:43:00,08:43:00,de:09564:1351:0:1,20,,0,0
60.T0.13-30-j26-2.17.R,08:45:00,08:45:00,de:09564:1331:0:10,21,,0,0
60.T0.13-30-j26-2.17.R,08:46:00,08:46:00,de:09564:1353:0:1,22,,0,0
60.T0.13-30-j26-2.17.R,08:47:00,08:47:00,de:09564:1354:0:1,23,,0,0
60.T0.13-30-j26-2.17.R,08:48:00,08:48:00,de:09564:1356:3:1,24,,0,0
60.T0.13-30-j26-2.17.R,08:50:00,08:50:00,de:09564:1372:0:2,25,,0,0
60.T0.13-30-j26-2.17.R,08:51:00,08:51:00,de:09564:1398:0:2,26,,0,0
60.T0.13-30-j26-2.17.R,08:52:00,08:52:00,de:09564:1380:0:2,27,,0,0
60.T0.13-30-j26-2.17.R,08:53:00,08:53:00,de:09564:1373:0:2,28,,0,0
60.T0.13-30-j26-2.17.R,08:54:00,08:54:00,de:09564:1374:0:2,29,,0,0
60.T0.13-30-j26-2.17.R,08:10:00,08:10:00,de:09562:3479:0:2,3,,0,0
60.T0.13-30-j26-2.17.R,08:56:00,08:56:00,de:09564:1375:0:2,30,,0,0
60.T0.13-30-j26-2.17.R,08:57:00,08:57:00,de:09564:1376:0:2,31,,0,0
60.T0.13-30-j26-2.17.R,08:58:00,08:58:00,de:09564:1324:3:7,32,,0,0
60.T0.13-30-j26-2.17.R,09:00:00,09:00:00,de:09564:1333:0:2,33,,0,0
60.T0.13-30-j26-2.17.R,09:01:00,09:01:00,de:09564:1334:0:2,34,,0,0
60.T0.13-30-j26-2.17.R,09:03:00,09:03:00,de:09564:1335:13:8,35,,0,0
60.T0.13-30-j26-2.17.R,08:11:00,08:11:00,de:09562:3475:0:2,4,,0,0
60.T0.13-30-j26-2.17.R,08:12:00,08:12:00,de:09562:3474:0:2,5,,0,0
60.T0.13-30-j26-2.17.R,08:14:00,08:14:00,de:09562:3473:0:2,6,,0,0
60.T0.13-30-j26-2.17.R,08:19:00,08:19:00,de:09564:1303:0:2,7,,0,0
60.T0.13-30-j26-2.17.R,08:21:00,08:21:00,de:09564:1273:0:2,8,,0,0
60.T0.13-30-j26-2.17.R,08:22:00,08:22:00,de:09564:1274:0:2,9,,0,0
61.T0.13-30-j26-2.17.R,08:22:00,08:22:00,de:09562:3151:0:42,1,,0,0
61.T0.13-30-j26-2.17.R,08:43:00,08:43:00,de:09564:1271:0:2,10,,0,0
61.T0.13-30-j26-2.17.R,08:45:00,08:45:00,de:09564:1280:0:2,11,,0,0
61.T0.13-30-j26-2.17.R,08:49:00,08:50:00,de:09564:1283:13:6,12,,0,0
61.T0.13-30-j26-2.17.R,08:51:00,08:51:00,de:09564:1313:0:2,13,,0,0
61.T0.13-30-j26-2.17.R,08:53:00,08:53:00,de:09564:1246:0:2,14,,0,0
61.T0.13-30-j26-2.17.R,08:55:00,08:55:00,de:09564:1400:0:2,15,,0,0
61.T0.13-30-j26-2.17.R,08:57:00,08:57:00,de:09564:1391:3:7,16,,0,0
61.T0.13-30-j26-2.17.R,08:59:00,08:59:00,de:09564:1396:0:2,17,,0,0
61.T0.13-30-j26-2.17.R,09:00:00,09:00:00,de:09564:1287:0:2,18,,0,0
61.T0.13-30-j26-2.17.R,09:02:00,09:02:00,de:09564:1350:0:1,19,,0,0
61.T0.13-30-j26-2.17.R,08:29:00,08:29:00,de:09562:3480:0:2,2,,0,0
61.T0.13-30-j26-2.17.R,09:03:00,09:03:00,de:09564:1351:0:1,20,,0,0
61.T0.13-30-j26-2.17.R,09:05:00,09:05:00,de:09564:1331:0:10,21,,0,0
61.T0.13-30-j26-2.17.R,09:06:00,09:06:00,de:09564:1353:0:1,22,,0,0
61.T0.13-30-j26-2.17.R,09:07:00,09:07:00,de:09564:1354:0:1,23,,0,0
61.T0.13-30-j26-2.17.R,09:08:00,09:08:00,de:09564:1356:3:1,24,,0,0
61.T0.13-30-j26-2.17.R,09:10:00,09:10:00,de:09564:1372:0:2,25,,0,0
61.T0.13-30-j26-2.17.R,09:11:00,09:11:00,de:09564:1398:0:2,26,,0,0
61.T0.13-30-j26-2.17.R,09:12:00,09:12:00,de:09564:1380:0:2,27,,0,0
61.T0.13-30-j26-2.17.R,09:13:00,09:13:00,de:09564:1373:0:2,28,,0,0
61.T0.13-30-j26-2.17.R,09:14:00,09:14:00,de:09564:1374:0:2,29,,0,0
61.T0.13-30-j26-2.17.R,08:30:00,08:30:00,de:09562:3479:0:2,3,,0,0
61.T0.13-30-j26-2.17.R,09:16:00,09:16:00,de:09564:1375:0:2,30,,0,0
61.T0.13-30-j26-2.17.R,09:17:00,09:17:00,de:09564:1376:0:2,31,,0,0
61.T0.13-30-j26-2.17.R,09:18:00,09:18:00,de:09564:1324:3:7,32,,0,0
61.T0.13-30-j26-2.17.R,09:20:00,09:20:00,de:09564:1333:0:2,33,,0,0
61.T0.13-30-j26-2.17.R,09:21:00,09:21:00,de:09564:1334:0:2,34,,0,0
61.T0.13-30-j26-2.17.R,09:23:00,09:23:00,de:09564:1335:13:8,35,,0,0
61.T0.13-30-j26-2.17.R,08:31:00,08:31:00,de:09562:3475:0:2,4,,0,0
61.T0.13-30-j26-2.17.R,08:32:00,08:32:00,de:09562:3474:0:2,5,,0,0
61.T0.13-30-j26-2.17.R,08:34:00,08:34:00,de:09562:3473:0:2,6,,0,0
61.T0.13-30-j26-2.17.R,08:39:00,08:39:00,de:09564:1303:0:2,7,,0,0
61.T0.13-30-j26-2.17.R,08:41:00,08:41:00,de:09564:1273:0:2,8,,0,0
61.T0.13-30-j26-2.17.R,08:42:00,08:42:00,de:09564:1274:0:2,9,,0,0
62.T0.13-30-j26-2.18.R,08:42:00,08:42:00,de:09562:3151:0:42,1,,0,0
62.T0.13-30-j26-2.18.R,09:03:00,09:03:00,de:09564:1271:0:2,10,,0,0
62.T0.13-30-j26-2.18.R,09:05:00,09:05:00,de:09564:1280:0:2,11,,0,0
62.T0.13-30-j26-2.18.R,09:09:00,09:09:00,de:09564:1283:13:6,12,,0,0
62.T0.13-30-j26-2.18.R,08:49:00,08:49:00,de:09562:3480:0:2,2,,0,0
62.T0.13-30-j26-2.18.R,08:50:00,08:50:00,de:09562:3479:0:2,3,,0,0
62.T0.13-30-j26-2.18.R,08:51:00,08:51:00,de:09562:3475:0:2,4,,0,0
62.T0.13-30-j26-2.18.R,08:52:00,08:52:00,de:09562:3474:0:2,5,,0,0
62.T0.13-30-j26-2.18.R,08:54:00,08:54:00,de:09562:3473:0:2,6,,0,0
62.T0.13-30-j26-2.18.R,08:59:00,08:59:00,de:09564:1303:0:2,7,,0,0
62.T0.13-30-j26-2.18.R,09:01:00,09:01:00,de:09564:1273:0:2,8,,0,0
62.T0.13-30-j26-2.18.R,09:02:00,09:02:00,de:09564:1274:0:2,9,,0,0
66.T0.13-31-j26-1.17.R,06:29:00,06:29:00,de:09564:1261:0:1,1,,0,0
66.T0.13-31-j26-1.17.R,06:40:00,06:40:00,de:09564:1271:0:4,10,,0,0
66.T0.13-31-j26-1.17.R,06:42:00,06:42:00,de:09564:1274:0:3,11,,0,0
66.T0.13-31-j26-1.17.R,06:43:00,06:43:00,de:09564:1242:0:2,12,,0,0
66.T0.13-31-j26-1.17.R,06:45:00,06:45:00,de:09564:1241:0:2,13,,0,0
66.T0.13-31-j26-1.17.R,06:47:00,06:47:00,de:09564:1275:0:42,14,,0,0
66.T0.13-31-j26-1.17.R,06:48:00,06:48:00,de:09564:1276:0:2,15,,0,0
66.T0.13-31-j26-1.17.R,06:50:00,06:50:00,de:09564:1277:0:2,16,,0,0
66.T0.13-31-j26-1.17.R,06:52:00,06:52:00,de:09564:1278:0:2,17,,0,0
66.T0.13-31-j26-1.17.R,06:53:00,06:53:00,de:09564:1279:0:2,18,,0,0
66.T0.13-31-j26-1.17.R,06:54:00,06:54:00,de:09564:1280:0:4,19,,0,0
66.T0.13-31-j26-1.17.R,06:30:00,06:30:00,de:09564:1260:3:1,2,,0,0
66.T0.13-31-j26-1.17.R,06:56:00,06:56:00,de:09564:1305:0:2,20,,0,0
66.T0.13-31-j26-1.17.R,06:57:00,06:57:00,de:09564:1281:0:2,21,,0,0
66.T0.13-31-j26-1.17.R,07:00:00,07:01:00,de:09564:1283:13:6,22,,0,0
66.T0.13-31-j26-1.17.R,07:04:00,07:04:00,de:09564:1296:0:2,23,,0,0
66.T0.13-31-j26-1.17.R,07:05:00,07:05:00,de:09564:1302:0:2,24,,0,0
66.T0.13-31-j26-1.17.R,07:08:00,07:08:00,de:09564:1301:13:4,25,,0,0
66.T0.13-31-j26-1.17.R,07:10:00,07:10:00,de:09564:1322:0:2,26,,0,0
66.T0.13-31-j26-1.17.R,07:12:00,07:12:00,de:09564:1350:0:1,27,,0,0
66.T0.13-31-j26-1.17.R,07:13:00,07:13:00,de:09564:1351:0:1,28,,0,0
66.T0.13-31-j26-1.17.R,07:15:00,07:15:00,de:09564:1331:0:10,29,,0,0
66.T0.13-31-j26-1.17.R,06:31:00,06:31:00,de:09564:1264:0:1,3,,0,0
66.T0.13-31-j26-1.17.R,07:16:00,07:16:00,de:09564:1353:0:1,30,,0,0
66.T0.13-31-j26-1.17.R,07:17:00,07:17:00,de:09564:1354:0:1,31,,0,0
66.T0.13-31-j26-1.17.R,07:18:00,07:18:00,de:09564:1356:3:1,32,,0,0
66.T0.13-31-j26-1.17.R,07:20:00,07:20:00,de:09564:1372:0:2,33,,0,0
66.T0.13-31-j26-1.17.R,07:21:00,07:21:00,de:09564:1398:0:2,34,,0,0
66.T0.13-31-j26-1.17.R,07:22:00,07:22:00,de:09564:1380:0:2,35,,0,0
66.T0.13-31-j26-1.17.R,07:23:00,07:23:00,de:09564:1373:0:2,36,,0,0
66.T0.13-31-j26-1.17.R,07:24:00,07:24:00,de:09564:1374:0:2,37,,0,0
66.T0.13-31-j26-1.17.R,07:26:00,07:26:00,de:09564:1375:0:2,38,,0,0
66.T0.13-31-j26-1.17.R,07:27:00,07:27:00,de:09564:1376:0:2,39,,0,0
66.T0.13-31-j26-1.17.R,06:32:00,06:32:00,de:09564:1265:0:2,4,,0,0
66.T0.13-31-j26-1.17.R,07:28:00,07:28:00,de:09564:1324:3:7,40,,0,0
66.T0.13-31-j26-1.17.R,06:33:00,06:33:00,de:09564:1263:0:2,5,,0,0
66.T0.13-31-j26-1.17.R,06:34:00,06:34:00,de:09564:1209:0:1,6,,0,0
66.T0.13-31-j26-1.17.R,06:35:00,06:35:00,de:09564:1308:0:2,7,,0,0
66.T0.13-31-j26-1.17.R,06:37:00,06:37:00,de:09564:1244:0:2,8,,0,0
66.T0.13-31-j26-1.17.R,06:38:00,06:38:00,de:09564:1270:0:3,9,,0,0
67.T0.13-31-j26-1.17.R,06:49:00,06:49:00,de:09564:1261:0:1,1,,0,0
67.T0.13-31-j26-1.17.R,07:00:00,07:00:00,de:09564:1271:0:4,10,,0,0
67.T0.13-31-j26-1.17.R,07:02:00,07:02:00,de:09564:1274:0:3,11,,0,0
67.T0.13-31-j26-1.17.R,07:03:00,07:03:00,de:09564:1242:0:2,12,,0,0
67.T0.13-31-j26-1.17.R,07:05:00,07:05:00,de:09564:1241:0:2,13,,0,0
67.T0.13-31-j26-1.17.R,07:07:00,07:07:00,de:09564:1275:0:42,14,,0,0
67.T0.13-31-j26-1.17.R,07:08:00,07:08:00,de:09564:1276:0:2,15,,0,0
67.T0.13-31-j26-1.17.R,07:10:00,07:10:00,de:09564:1277:0:2,16,,0,0
67.T0.13-31-j26-1.17.R,07:12:00,07:12:00,de:09564:1278:0:2,17,,0,0
67.T0.13-31-j26-1.17.R,07:13:00,07:13:00,de:09564:1279:0:2,18,,0,0
67.T0.13-31-j26-1.17.R,07:14:00,07:14:00,de:09564:1280:0:4,19,,0,0
67.T0.13-31-j26-1.17.R,06:50:00,06:50:00,de:09564:1260:3:1,2,,0,0
67.T0.13-31-j26-1.17.R,07:16:00,07:16:00,de:09564:1305:0:2,20,,0,0
67.T0.13-31-j26-1.17.R,07:17:00,07:17:00,de:09564:1281:0:2,21,,0,0
67.T0.13-31-j26-1.17.R,07:20:00,07:21:00,de:09564:1283:13:6,22,,0,0
67.T0.13-31-j26-1.17.R,07:24:00,07:24:00,de:09564:1296:0:2,23,,0,0
67.T0.13-31-j26-1.17.R,07:25:00,07:25:00,de:09564:1302:0:2,24,,0,0
67.T0.13-31-j26-1.17.R,07:28:00,07:28:00,de:09564:1301:13:4,25,,0,0
67.T0.13-31-j26-1.17.R,07:30:00,07:30:00,de:09564:1322:0:2,26,,0,0
67.T0.13-31-j26-1.17.R,07:32:00,07:32:00,de:09564:1350:0:1,27,,0,0
67.T0.13-31-j26-1.17.R,07:33:00,07:33:00,de:09564:1351:0:1,28,,0,0
67.T0.13-31-j26-1.17.R,07:35:00,07:35:00,de:09564:1331:0:10,29,,0,0
67.T0.13-31-j26-1.17.R,06:51:00,06:51:00,de:09564:1264:0:1,3,,0,0
67.T0.13-31-j26-1.17.R,07:36:00,07:36:00,de:09564:1353:0:1,30,,0,0
67.T0.13-31-j26-1.17.R,07:37:00,07:37:00,de:09564:1354:0:1,31,,0,0
67.T0.13-31-j26-1.17.R,07:38:00,07:38:00,de:09564:1356:3:1,32,,0,0
67.T0.13-31-j26-1.17.R,07:40:00,07:40:00,de:09564:1372:0:2,33,,0,0
67.T0.13-31-j26-1.17.R,07:41:00,07:41:00,de:09564:1398:0:2,34,,0,0
67.T0.13-31-j26-1.17.R,07:42:00,07:42:00,de:09564:1380:0:2,35,,0,0
67.T0.13-31-j26-1.17.R,07:43:00,07:43:00,de:09564:1373:0:2,36,,0,0
67.T0.13-31-j26-1.17.R,07:44:00,07:44:00,de:09564:1374:0:2,37,,0,0
67.T0.13-31-j26-1.17.R,07:46:00,07:46:00,de:09564:1375:0:2,38,,0,0
67.T0.13-31-j26-1.17.R,07:47:00,07:47:00,de:09564:1376:0:2,39,,0,0
67.T0.13-31-j26-1.17.R,06:52:00,06:52:00,de:09564:1265:0:2,4,,0,0
67.T0.13-31-j26-1.17.R,07:48:00,07:48:00,de:09564:1324:3:7,40,,0,0
67.T0.13-31-j26-1.17.R,06:53:00,06:53:00,de:09564:1263:0:2,5,,0,0
67.T0.13-31-j26-1.17.R,06:54:00,06:54:00,de:09564:1209:0:1,6,,0,0
67.T0.13-31-j26-1.17.R,06:55:00,06:55:00,de:09564:1308:0:2,7,,0,0
67.T0.13-31-j26-1.17.R,06:57:00,06:57:00,de:09564:1244:0:2,8,,0,0
67.T0.13-31-j26-1.17.R,06:58:00,06:58:00,de:09564:1270:0:3,9,,0,0
68.T0.13-31-j26-1.25.R,06:52:00,06:52:00,de:09564:1274:0:3,1,,0,0
68.T0.13-31-j26-1.25.R,07:06:00,07:06:00,de:09564:1305:0:2,10,,0,0
68.T0.13-31-j26-1.25.R,07:07:00,07:07:00,de:09564:1281:0:2,11,,0,0
68.T0.13-31-j26-1.25.R,07:10:00,07:10:00,de:09564:1283:13:6,12,,0,0
68.T0.13-31-j26-1.25.R,06:53:00,06:53:00,de:09564:1242:0:2,2,,0,0
68.T0.13-31-j26-1.25.R,06:55:00,06:55:00,de:09564:1241:0:2,3,,0,0
68.T0.13-31-j26-1.25.R,06:57:00,06:57:00,de:09564:1275:0:42,4,,0,0
68.T0.13-31-j26-1.25.R,06:58:00,06:58:00,de:09564:1276:0:2,5,,0,0
68.T0.13-31-j26-1.25.R,07:00:00,07:00:00,de:09564:1277:0:2,6,,0,0
68.T0.13-31-j26-1.25.R,07:02:00,07:02:00,de:09564:1278:0:2,7,,0,0
68.T0.13-31-j26-1.25.R,07:03:00,07:03:00,de:09564:1279:0:2,8,,0,0
68.T0.13-31-j26-1.25.R,07:04:00,07:04:00,de:09564:1280:0:4,9,,0,0
69.T0.13-31-j26-1.17.R,07:09:00,07:09:00,de:09564:1261:0:1,1,,0,0
69.T0.13-31-j26-1.17.R,07:20:00,07:20:00,de:09564:1271:0:4,10,,0,0
69.T0.13-31-j26-1.17.R,07:22:00,07:22:00,de:09564:1274:0:3,11,,0,0
69.T0.13-31-j26-1.17.R,07:23:00,07:23:00,de:09564:1242:0:2,12,,0,0
69.T0.13-31-j26-1.17.R,07:25:00,07:25:00,de:09564:1241:0:2,13,,0,0
69.T0.13-31-j26-1.17.R,07:27:00,07:27:00,de:09564:1275:0:42,14,,0,0
69.T0.13-31-j26-1.17.R,07:28:00,07:28:00,de:09564:1276:0:2,15,,0,0
69.T0.13-31-j26-1.17.R,07:30:00,07:30:00,de:09564:1277:0:2,16,,0,0
69.T0.13-31-j26-1.17.R,07:32:00,07:32:00,de:09564:1278:0:2,17,,0,0
69.T0.13-31-j26-1.17.R,07:33:00,07:33:00,de:09564:1279:0:2,18,,0,0
69.T0.13-31-j26-1.17.R,07:34:00,07:34:00,de:09564:1280:0:4,19,,0,0
69.T0.13-31-j26-1.17.R,07:10:00,07:10:00,de:09564:1260:3:1,2,,0,0
69.T0.13-31-j26-1.17.R,07:36:00,07:36:00,de:09564:1305:0:2,20,,0,0
69.T0.13-31-j26-1.17.R,07:37:00,07:37:00,de:09564:1281:0:2,21,,0,0
69.T0.13-31-j26-1.17.R,07:40:00,07:41:00,de:09564:1283:13:6,22,,0,0
69.T0.13-31-j26-1.17.R,07:44:00,07:44:00,de:09564:1296:0:2,23,,0,0
69.T0.13-31-j26-1.17.R,07:45:00,07:45:00,de:09564:1302:0:2,24,,0,0
69.T0.13-31-j26-1.17.R,07:48:00,07:48:00,de:09564:1301:13:4,25,,0,0
69.T0.13-31-j26-1.17.R,07:50:00,07:50:00,de:09564:1322:0:2,26,,0,0
69.T0.13-31-j26-1.17.R,07:52:00,07:52:00,de:09564:1350:0:1,27,,0,0
69.T0.13-31-j26-1.17.R,07:53:00,07:53:00,de:09564:1351:0:1,28,,0,0
69.T0.13-31-j26-1.17.R,07:55:00,07:55:00,de:09564:1331:0:10,29,,0,0
69.T0.13-31-j26-1.17.R,07:11:00,07:11:00,de:09564:1264:0:1,3,,0,0
69.T0.13-31-j26-1.17.R,07:56:00,07:56:00,de:09564:1353:0:1,30,,0,0
69.T0.13-31-j26-1.17.R,07:57:00,07:57:00,de:09564:1354:0:1,31,,0,0
69.T0.13-31-j26-1.17.R,07:58:00,07:58:00,de:09564:1356:3:1,32,,0,0
69.T0.13-31-j26-1.17.R,08:00:00,08:00:00,de:09564:1372:0:2,33,,0,0
69.T0.13-31-j26-1.17.R,08:01:00,08:01:00,de:09564:1398:0:2,34,,0,0
69.T0.13-31-j26-1.17.R,08:02:00,08:02:00,de:09564:1380:0:2,35,,0,0
69.T0.13-31-j26-1.17.R,08:03:00,08:03:00,de:09564:1373:0:2,36,,0,0
69.T0.13-31-j26-1.17.R,08:04:00,08:04:00,de:09564:1374:0:2,37,,0,0
69.T0.13-31-j26-1.17.R,08:06:00,08:06:00,de:09564:1375:0:2,38,,0,0
69.T0.13-31-j26-1.17.R,08:07:00,08:07:00,de:09564:1376:0:2,39,,0,0
69.T0.13-31-j26-1.17.R,07:12:00,07:12:00,de:09564:1265:0:2,4,,0,0
69.T0.13-31-j26-1.17.R,08:08:00,08:08:00,de:09564:1324:3:7,40,,0,0
69.T0.13-31-j26-1.17.R,07:13:00,07:13:00,de:09564:1263:0:2,5,,0,0
69.T0.13-31-j26-1.17.R,07:14:00,07:14:00,de:09564:1209:0:1,6,,0,0
69.T0.13-31-j26-1.17.R,07:15:00,07:15:00,de:09564:1308:0:2,7,,0,0
69.T0.13-31-j26-1.17.R,07:17:00,07:17:00,de:09564:1244:0:2,8,,0,0
69.T0.13-31-j26-1.17.R,07:18:00,07:18:00,de:09564:1270:0:3,9,,0,0
7.T0.13-44-j26-2.2.H,06:43:00,06:43:00,de:09564:510:3:D,1,,0,0
7.T0.13-44-j26-2.2.H,06:53:00,06:53:00,de:09564:455:0:1,10,,0,0
7.T0.13-44-j26-2.2.H,06:54:00,06:54:00,de:09564:454:0:1,11,,0,0
7.T0.13-44-j26-2.2.H,06:55:00,06:55:00,de:09564:1457:0:3,12,,0,0
7.T0.13-44-j26-2.2.H,06:56:00,06:56:00,de:09564:1454:0:1,13,,0,0
7.T0.13-44-j26-2.2.H,06:57:00,06:57:00,de:09564:1453:0:1,14,,0,0
7.T0.13-44-j26-2.2.H,06:59:00,06:59:00,de:09564:1452:0:1,15,,0,0
7.T0.13-44-j26-2.2.H,07:00:00,07:00:00,de:09564:1451:0:1,16,,0,0
7.T0.13-44-j26-2.2.H,07:01:00,07:01:00,de:09564:1448:0:1,17,,0,0
7.T0.13-44-j26-2.2.H,07:02:00,07:02:00,de:09564:1446:0:1,18,,0,0
7.T0.13-44-j26-2.2.H,07:03:00,07:03:00,de:09564:1445:0:1,19,,0,0
7.T0.13-44-j26-2.2.H,06:45:00,06:45:00,de:09564:546:13:1,2,,0,0
7.T0.13-44-j26-2.2.H,06:46:00,06:46:00,de:09564:462:0:1,3,,0,0
7.T0.13-44-j26-2.2.H,06:47:00,06:47:00,de:09564:460:0:1,4,,0,0
7.T0.13-44-j26-2.2.H,06:48:00,06:48:00,de:09564:420:0:3,5,,0,0
7.T0.13-44-j26-2.2.H,06:49:00,06:49:00,de:09564:459:0:1,6,,0,0
7.T0.13-44-j26-2.2.H,06:50:00,06:50:00,de:09564:458:0:1,7,,0,0
7.T0.13-44-j26-2.2.H,06:51:00,06:51:00,de:09564:457:0:1,8,,0,0
7.T0.13-44-j26-2.2.H,06:52:00,06:52:00,de:09564:411:3:1,9,,0,0
70.T0.13-31-j26-1.17.R,07:29:00,07:29:00,de:09564:1261:0:1,1,,0,0
70.T0.13-31-j26-1.17.R,07:40:00,07:40:00,de:09564:1271:0:4,10,,0,0
70.T0.13-31-j26-1.17.R,07:42:00,07:42:00,de:09564:1274:0:3,11,,0,0
70.T0.13-31-j26-1.17.R,07:43:00,07:43:00,de:09564:1242:0:2,12,,0,0
70.T0.13-31-j26-1.17.R,07:45:00,07:45:00,de:09564:1241:0:2,13,,0,0
70.T0.13-31-j26-1.17.R,07:47:00,07:47:00,de:09564:1275:0:42,14,,0,0
70.T0.13-31-j26-1.17.R,07:48:00,07:48:00,de:09564:1276:0:2,15,,0,0
70.T0.13-31-j26-1.17.R,07:50:00,07:50:00,de:09564:1277:0:2,16,,0,0
70.T0.13-31-j26-1.17.R,07:52:00,07:52:00,de:09564:1278:0:2,17,,0,0
70.T0.13-31-j26-1.17.R,07:53:00,07:53:00,de:09564:1279:0:2,18,,0,0
70.T0.13-31-j26-1.17.R,07:54:00,07:54:00,de:09564:1280:0:4,19,,0,0
70.T0.13-31-j26-1.17.R,07:30:00,07:30:00,de:09564:1260:3:1,2,,0,0
70.T0.13-31-j26-1.17.R,07:56:00,07:56:00,de:09564:1305:0:2,20,,0,0
70.T0.13-31-j26-1.17.R,07:57:00,07:57:00,de:09564:1281:0:2,21,,0,0
70.T0.13-31-j26-1.17.R,08:00:00,08:01:00,de:09564:1283:13:6,22,,0,0
70.T0.13-31-j26-1.17.R,08:04:00,08:04:00,de:09564:1296:0:2,23,,0,0
70.T0.13-31-j26-1.17.R,08:05:00,08:05:00,de:09564:1302:0:2,24,,0,0
70.T0.13-31-j26-1.17.R,08:08:00,08:08:00,de:09564:1301:13:4,25,,0,0
70.T0.13-31-j26-1.17.R,08:10:00,08:10:00,de:09564:1322:0:2,26,,0,0
70.T0.13-31-j26-1.17.R,08:12:00,08:12:00,de:09564:1350:0:1,27,,0,0
70.T0.13-31-j26-1.17.R,08:13:00,08:13:00,de:09564:1351:0:1,28,,0,0
70.T0.13-31-j26-1.17.R,08:15:00,08:15:00,de:09564:1331:0:10,29,,0,0
70.T0.13-31-j26-1.17.R,07:31:00,07:31:00,de:09564:1264:0:1,3,,0,0
70.T0.13-31-j26-1.17.R,08:16:00,08:16:00,de:09564:1353:0:1,30,,0,0
70.T0.13-31-j26-1.17.R,08:17:00,08:17:00,de:09564:1354:0:1,31,,0,0
70.T0.13-31-j26-1.17.R,08:18:00,08:18:00,de:09564:1356:3:1,32,,0,0
70.T0.13-31-j26-1.17.R,08:20:00,08:20:00,de:09564:1372:0:2,33,,0,0
70.T0.13-31-j26-1.17.R,08:21:00,08:21:00,de:09564:1398:0:2,34,,0,0
70.T0.13-31-j26-1.17.R,08:22:00,08:22:00,de:09564:1380:0:2,35,,0,0
70.T0.13-31-j26-1.17.R,08:23:00,08:23:00,de:09564:1373:0:2,36,,0,0
70.T0.13-31-j26-1.17.R,08:24:00,08:24:00,de:09564:1374:0:2,37,,0,0
70.T0.13-31-j26-1.17.R,08:26:00,08:26:00,de:09564:1375:0:2,38,,0,0
70.T0.13-31-j26-1.17.R,08:27:00,08:27:00,de:09564:1376:0:2,39,,0,0
70.T0.13-31-j26-1.17.R,07:32:00,07:32:00,de:09564:1265:0:2,4,,0,0
70.T0.13-31-j26-1.17.R,08:28:00,08:28:00,de:09564:1324:3:7,40,,0,0
70.T0.13-31-j26-1.17.R,07:33:00,07:33:00,de:09564:1263:0:2,5,,0,0
70.T0.13-31-j26-1.17.R,07:34:00,07:34:00,de:09564:1209:0:1,6,,0,0
70.T0.13-31-j26-1.17.R,07:35:00,07:35:00,de:09564:1308:0:2,7,,0,0
70.T0.13-31-j26-1.17.R,07:37:00,07:37:00,de:09564:1244:0:2,8,,0,0
70.T0.13-31-j26-1.17.R,07:38:00,07:38:00,de:09564:1270:0:3,9,,0,0
71.T0.13-31-j26-1.17.R,07:49:00,07:49:00,de:09564:1261:0:1,1,,0,0
71.T0.13-31-j26-1.17.R,08:00:00,08:00:00,de:09564:1271:0:4,10,,0,0
71.T0.13-31-j26-1.17.R,08:02:00,08:02:00,de:09564:1274:0:3,11,,0,0
71.T0.13-31-j26-1.17.R,08:03:00,08:03:00,de:09564:1242:0:2,12,,0,0
71.T0.13-31-j26-1.17.R,08:05:00,08:05:00,de:09564:1241:0:2,13,,0,0
71.T0.13-31-j26-1.17.R,08:07:00,08:07:00,de:09564:1275:0:42,14,,0,0
71.T0.13-31-j26-1.17.R,08:08:00,08:08:00,de:09564:1276:0:2,15,,0,0
71.T0.13-31-j26-1.17.R,08:10:00,08:10:00,de:09564:1277:0:2,16,,0,0
71.T0.13-31-j26-1.17.R,08:12:00,08:12:00,de:09564:1278:0:2,17,,0,0
71.T0.13-31-j26-1.17.R,08:13:00,08:13:00,de:09564:1279:0:2,18,,0,0
71.T0.13-31-j26-1.17.R,08:14:00,08:14:00,de:09564:1280:0:4,19,,0,0
71.T0.13-31-j26-1.17.R,07:50:00,07:50:00,de:09564:1260:3:1,2,,0,0
71.T0.13-31-j26-1.17.R,08:16:00,08:16:00,de:09564:1305:0:2,20,,0,0
71.T0.13-31-j26-1.17.R,08:17:00,08:17:00,de:09564:1281:0:2,21,,0,0
71.T0.13-31-j26-1.17.R,08:20:00,08:21:00,de:09564:1283:13:6,22,,0,0
71.T0.13-31-j26-1.17.R,08:24:00,08:24:00,de:09564:1296:0:2,23,,0,0
71.T0.13-31-j26-1.17.R,08:25:00,08:25:00,de:09564:1302:0:2,24,,0,0
71.T0.13-31-j26-1.17.R,08:28:00,08:28:00,de:09564:1301:13:4,25,,0,0
71.T0.13-31-j26-1.17.R,08:30:00,08:30:00,de:09564:1322:0:2,26,,0,0
71.T0.13-31-j26-1.17.R,08:32:00,08:32:00,de:09564:1350:0:1,27,,0,0
71.T0.13-31-j26-1.17.R,08:33:00,08:33:00,de:09564:1351:0:1,28,,0,0
71.T0.13-31-j26-1.17.R,08:35:00,08:35:00,de:09564:1331:0:10,29,,0,0
71.T0.13-31-j26-1.17.R,07:51:00,07:51:00,de:09564:1264:0:1,3,,0,0
71.T0.13-31-j26-1.17.R,08:36:00,08:36:00,de:09564:1353:0:1,30,,0,0
71.T0.13-31-j26-1.17.R,08:37:00,08:37:00,de:09564:1354:0:1,31,,0,0
71.T0.13-31-j26-1.17.R,08:38:00,08:38:00,de:09564:1356:3:1,32,,0,0
71.T0.13-31-j26-1.17.R,08:40:00,08:40:00,de:09564:1372:0:2,33,,0,0
71.T0.13-31-j26-1.17.R,08:41:00,08:41:00,de:09564:1398:0:2,34,,0,0
71.T0.13-31-j26-1.17.R,08:42:00,08:42:00,de:09564:1380:0:2,35,,0,0
71.T0.13-31-j26-1.17.R,08:43:00,08:43:00,de:09564:1373:0:2,36,,0,0
71.T0.13-31-j26-1.17.R,08:44:00,08:44:00,de:09564:1374:0:2,37,,0,0
71.T0.13-31-j26-1.17.R,08:46:00,08:46:00,de:09564:1375:0:2,38,,0,0
71.T0.13-31-j26-1.17.R,08:47:00,08:47:00,de:09564:1376:0:2,39,,0,0
71.T0.13-31-j26-1.17.R,07:52:00,07:52:00,de:09564:1265:0:2,4,,0,0
71.T0.13-31-j26-1.17.R,08:48:00,08:48:00,de:09564:1324:3:7,40,,0,0
71.T0.13-31-j26-1.17.R,07:53:00,07:53:00,de:09564:1263:0:2,5,,0,0
71.T0.13-31-j26-1.17.R,07:54:00,07:54:00,de:09564:1209:0:1,6,,0,0
71.T0.13-31-j26-1.17.R,07:55:00,07:55:00,de:09564:1308:0:2,7,,0,0
71.T0.13-31-j26-1.17.R,07:57:00,07:57:00,de:09564:1244:0:2,8,,0,0
71.T0.13-31-j26-1.17.R,07:58:00,07:58:00,de:09564:1270:0:3,9,,0,0
72.T0.13-31-j26-1.17.R,08:09:00,08:09:00,de:09564:1261:0:1,1,,0,0
72.T0.13-31-j26-1.17.R,08:20:00,08:20:00,de:09564:1271:0:4,10,,0,0
72.T0.13-31-j26-1.17.R,08:22:00,08:22:00,de:09564:1274:0:3,11,,0,0
72.T0.13-31-j26-1.17.R,08:23:00,08:23:00,de:09564:1242:0:2,12,,0,0
72.T0.13-31-j26-1.17.R,08:25:00,08:25:00,de:09564:1241:0:2,13,,0,0
72.T0.13-31-j26-1.17.R,08:27:00,08:27:00,de:09564:1275:0:42,14,,0,0
72.T0.13-31-j26-1.17.R,08:28:00,08:28:00,de:09564:1276:0:2,15,,0,0
72.T0.13-31-j26-1.17.R,08:30:00,08:30:00,de:09564:1277:0:2,16,,0,0
72.T0.13-31-j26-1.17.R,08:32:00,08:32:00,de:09564:1278:0:2,17,,0,0
72.T0.13-31-j26-1.17.R,08:33:00,08:33:00,de:09564:1279:0:2,18,,0,0
72.T0.13-31-j26-1.17.R,08:34:00,08:34:00,de:09564:1280:0:4,19,,0,0
72.T0.13-31-j26-1.17.R,08:10:00,08:10:00,de:09564:1260:3:1,2,,0,0
72.T0.13-31-j26-1.17.R,08:36:00,08:36:00,de:09564:1305:0:2,20,,0,0
72.T0.13-31-j26-1.17.R,08:37:00,08:37:00,de:09564:1281:0:2,21,,0,0
72.T0.13-31-j26-1.17.R,08:40:00,08:41:00,de:09564:1283:13:6,22,,0,0
72.T0.13-31-j26-1.17.R,08:44:00,08:44:00,de:09564:1296:0:2,23,,0,0
72.T0.13-31-j26-1.17.R,08:45:00,08:45:00,de:09564:1302:0:2,24,,0,0
72.T0.13-31-j26-1.17.R,08:48:00,08:48:00,de:09564:1301:13:4,25,,0,0
72.T0.13-31-j26-1.17.R,08:50:00,08:50:00,de:09564:1322:0:2,26,,0,0
72.T0.13-31-j26-1.17.R,08:52:00,08:52:00,de:09564:1350:0:1,27,,0,0
72.T0.13-31-j26-1.17.R,08:53:00,08:53:00,de:09564:1351:0:1,28,,0,0
72.T0.13-31-j26-1.17.R,08:55:00,08:55:00,de:09564:1331:0:10,29,,0,0
72.T0.13-31-j26-1.17.R,08:11:00,08:11:00,de:09564:1264:0:1,3,,0,0
72.T0.13-31-j26-1.17.R,08:56:00,08:56:00,de:09564:1353:0:1,30,,0,0
72.T0.13-31-j26-1.17.R,08:57:00,08:57:00,de:09564:1354:0:1,31,,0,0
72.T0.13-31-j26-1.17.R,08:58:00,08:58:00,de:09564:1356:3:1,32,,0,0
72.T0.13-31-j26-1.17.R,09:00:00,09:00:00,de:09564:1372:0:2,33,,0,0
72.T0.13-31-j26-1.17.R,09:01:00,09:01:00,de:09564:1398:0:2,34,,0,0
72.T0.13-31-j26-1.17.R,09:02:00,09:02:00,de:09564:1380:0:2,35,,0,0
72.T0.13-31-j26-1.17.R,09:03:00,09:03:00,de:09564:1373:0:2,36,,0,0
72.T0.13-31-j26-1.17.R,09:04:00,09:04:00,de:09564:1374:0:2,37,,0,0
72.T0.13-31-j26-1.17.R,09:06:00,09:06:00,de:09564:1375:0:2,38,,0,0
72.T0.13-31-j26-1.17.R,09:07:00,09:07:00,de:09564:1376:0:2,39,,0,0
72.T0.13-31-j26-1.17.R,08:12:00,08:12:00,de:09564:1265:0:2,4,,0,0
72.T0.13-31-j26-1.17.R,09:08:00,09:08:00,de:09564:1324:3:7,40,,0,0
72.T0.13-31-j26-1.17.R,08:13:00,08:13:00,de:09564:1263:0:2,5,,0,0
72.T0.13-31-j26-1.17.R,08:14:00,08:14:00,de:09564:1209:0:1,6,,0,0
72.T0.13-31-j26-1.17.R,08:15:00,08:15:00,de:09564:1308:0:2,7,,0,0
72.T0.13-31-j26-1.17.R,08:17:00,08:17:00,de:09564:1244:0:2,8,,0,0
72.T0.13-31-j26-1.17.R,08:18:00,08:18:00,de:09564:1270:0:3,9,,0,0
73.T0.13-31-j26-1.17.R,08:41:00,08:41:00,de:09564:1261:0:1,1,,0,0
73.T0.13-31-j26-1.17.R,08:50:00,08:50:00,de:09564:1271:0:4,10,,0,0
73.T0.13-31-j26-1.17.R,08:52:00,08:52:00,de:09564:1274:0:3,11,,0,0
73.T0.13-31-j26-1.17.R,08:53:00,08:53:00,de:09564:1242:0:2,12,,0,0
73.T0.13-31-j26-1.17.R,08:55:00,08:55:00,de:09564:1241:0:2,13,,0,0
73.T0.13-31-j26-1.17.R,08:57:00,08:57:00,de:09564:1275:0:42,14,,0,0
73.T0.13-31-j26-1.17.R,08:58:00,08:58:00,de:09564:1276:0:2,15,,0,0
73.T0.13-31-j26-1.17.R,09:00:00,09:00:00,de:09564:1277:0:2,16,,0,0
73.T0.13-31-j26-1.17.R,09:01:00,09:01:00,de:09564:1278:0:2,17,,0,0
73.T0.13-31-j26-1.17.R,09:02:00,09:02:00,de:09564:1279:0:2,18,,0,0
73.T0.13-31-j26-1.17.R,09:03:00,09:03:00,de:09564:1280:0:4,19,,0,0
73.T0.13-31-j26-1.17.R,08:42:00,08:42:00,de:09564:1260:3:1,2,,0,0
73.T0.13-31-j26-1.17.R,09:05:00,09:05:00,de:09564:1305:0:2,20,,0,0
73.T0.13-31-j26-1.17.R,09:06:00,09:06:00,de:09564:1281:0:2,21,,0,0
73.T0.13-31-j26-1.17.R,09:08:00,09:12:00,de:09564:1283:13:6,22,,0,0
73.T0.13-31-j26-1.17.R,09:15:00,09:15:00,de:09564:1296:0:2,23,,0,0
73.T0.13-31-j26-1.17.R,09:16:00,09:16:00,de:09564:1302:0:2,24,,0,0
73.T0.13-31-j26-1.17.R,09:18:00,09:18:00,de:09564:1301:13:4,25,,0,0
73.T0.13-31-j26-1.17.R,09:20:00,09:20:00,de:09564:1322:0:2,26,,0,0
73.T0.13-31-j26-1.17.R,09:22:00,09:22:00,de:09564:1350:0:1,27,,0,0
73.T0.13-31-j26-1.17.R,09:23:00,09:23:00,de:09564:1351:0:1,28,,0,0
73.T0.13-31-j26-1.17.R,09:25:00,09:25:00,de:09564:1331:0:10,29,,0,0
73.T0.13-31-j26-1.17.R,08:43:00,08:43:00,de:09564:1264:0:1,3,,0,0
73.T0.13-31-j26-1.17.R,09:26:00,09:26:00,de:09564:1353:0:1,30,,0,0
73.T0.13-31-j26-1.17.R,09:27:00,09:27:00,de:09564:1354:0:1,31,,0,0
73.T0.13-31-j26-1.17.R,09:28:00,09:28:00,de:09564:1356:3:1,32,,0,0
73.T0.13-31-j26-1.17.R,09:30:00,09:30:00,de:09564:1372:0:2,33,,0,0
73.T0.13-31-j26-1.17.R,09:31:00,09:31:00,de:09564:1398:0:2,34,,0,0
73.T0.13-31-j26-1.17.R,09:32:00,09:32:00,de:09564:1380:0:2,35,,0,0
73.T0.13-31-j26-1.17.R,09:33:00,09:33:00,de:09564:1373:0:2,36,,0,0
73.T0.13-31-j26-1.17.R,09:34:00,09:34:00,de:09564:1374:0:2,37,,0,0
73.T0.13-31-j26-1.17.R,09:35:00,09:35:00,de:09564:1375:0:2,38,,0,0
73.T0.13-31-j26-1.17.R,09:36:00,09:36:00,de:09564:1376:0:2,39,,0,0
73.T0.13-31-j26-1.17.R,08:44:00,08:44:00,de:09564:1265:0:2,4,,0,0
73.T0.13-31-j26-1.17.R,09:37:00,09:37:00,de:09564:1324:3:7,40,,0,0
73.T0.13-31-j26-1.17.R,08:45:00,08:45:00,de:09564:1263:0:2,5,,0,0
73.T0.13-31-j26-1.17.R,08:46:00,08:46:00,de:09564:1209:0:1,6,,0,0
73.T0.13-31-j26-1.17.R,08:47:00,08:47:00,de:09564:1308:0:2,7,,0,0
73.T0.13-31-j26-1.17.R,08:48:00,08:48:00,de:09564:1244:0:2,8,,0,0
73.T0.13-31-j26-1.17.R,08:49:00,08:49:00,de:09564:1270:0:3,9,,0,0
8.T0.13-30-j26-2.13.H,06:38:00,06:38:00,de:09564:1335:13:8,1,,0,0
8.T0.13-30-j26-2.13.H,06:49:00,06:49:00,de:09564:1380:0:1,10,,0,0
8.T0.13-30-j26-2.13.H,06:50:00,06:50:00,de:09564:1398:0:1,11,,0,0
8.T0.13-30-j26-2.13.H,06:51:00,06:51:00,de:09564:1372:0:1,12,,0,0
8.T0.13-30-j26-2.13.H,06:53:00,06:53:00,de:09564:1356:13:2,13,,0,0
8.T0.13-30-j26-2.13.H,06:54:00,06:54:00,de:09564:1354:0:2,14,,0,0
8.T0.13-30-j26-2.13.H,06:55:00,06:55:00,de:09564:1353:0:2,15,,0,0
8.T0.13-30-j26-2.13.H,06:56:00,06:56:00,de:09564:1331:0:11,16,,0,0
8.T0.13-30-j26-2.13.H,06:58:00,06:58:00,de:09564:1351:0:2,17,,0,0
8.T0.13-30-j26-2.13.H,06:59:00,06:59:00,de:09564:1350:0:2,18,,0,0
8.T0.13-30-j26-2.13.H,07:01:00,07:01:00,de:09564:1287:0:3,19,,0,0
8.T0.13-30-j26-2.13.H,06:39:00,06:39:00,de:09564:1326:0:1,2,,0,0
8.T0.13-30-j26-2.13.H,07:03:00,07:03:00,de:09564:1396:0:1,20,,0,0
8.T0.13-30-j26-2.13.H,07:05:00,07:05:00,de:09564:1391:3:6,21,,0,0
8.T0.13-30-j26-2.13.H,07:07:00,07:07:00,de:09564:1400:0:1,22,,0,0
8.T0.13-30-j26-2.13.H,07:09:00,07:09:00,de:09564:1246:0:1,23,,0,0
8.T0.13-30-j26-2.13.H,07:10:00,07:10:00,de:09564:1313:0:1,24,,0,0
8.T0.13-30-j26-2.13.H,07:12:00,07:16:00,de:09564:1283:13:2,25,,0,0
8.T0.13-30-j26-2.13.H,07:19:00,07:19:00,de:09564:1280:0:1,26,,0,0
8.T0.13-30-j26-2.13.H,07:21:00,07:21:00,de:09564:1271:0:1,27,,0,0
8.T0.13-30-j26-2.13.H,07:22:00,07:22:00,de:09564:1274:0:1,28,,0,0
8.T0.13-30-j26-2.13.H,07:23:00,07:23:00,de:09564:1273:0:1,29,,0,0
8.T0.13-30-j26-2.13.H,06:40:00,06:40:00,de:09564:1334:0:1,3,,0,0
8.T0.13-30-j26-2.13.H,07:25:00,07:25:00,de:09564:1303:0:1,30,,0,0
8.T0.13-30-j26-2.13.H,07:31:00,07:31:00,de:09562:3473:0:1,31,,0,0
8.T0.13-30-j26-2.13.H,07:33:00,07:33:00,de:09562:3474:0:1,32,,0,0
8.T0.13-30-j26-2.13.H,07:34:00,07:34:00,de:09562:3475:0:1,33,,0,0
8.T0.13-30-j26-2.13.H,07:35:00,07:35:00,de:09562:3479:0:1,34,,0,0
8.T0.13-30-j26-2.13.H,07:36:00,07:36:00,de:09562:3480:0:1,35,,0,0
8.T0.13-30-j26-2.13.H,07:38:00,07:38:00,de:09562:3152:0:41,36,,0,0
8.T0.13-30-j26-2.13.H,07:40:00,07:40:00,de:09562:3151:0:2,37,,0,0
8.T0.13-30-j26-2.13.H,07:41:00,07:41:00,de:09562:3151:0:3,38,,0,0
8.T0.13-30-j26-2.13.H,06:41:00,06:41:00,de:09564:1333:0:3,4,,0,0
8.T0.13-30-j26-2.13.H,06:43:00,06:43:00,de:09564:1324:3:6,5,,0,0
8.T0.13-30-j26-2.13.H,06:44:00,06:44:00,de:09564:1376:0:1,6,,0,0
8.T0.13-30-j26-2.13.H,06:45:00,06:45:00,de:09564:1375:0:1,7,,0,0
8.T0.13-30-j26-2.13.H,06:47:00,06:47:00,de:09564:1374:0:1,8,,0,0
8.T0.13-30-j26-2.13.H,06:48:00,06:48:00,de:09564:1373:0:1,9,,0,0
8.T0.13-31-j26-1.7.H,06:33:00,06:33:00,de:09564:1324:3:6,1,,0,0
8.T0.13-31-j26-1.7.H,06:44:00,06:44:00,de:09564:1354:0:2,10,,0,0
8.T0.13-31-j26-1.7.H,06:45:00,06:45:00,de:09564:1353:0:2,11,,0,0
8.T0.13-31-j26-1.7.H,06:46:00,06:46:00,de:09564:1331:0:11,12,,0,0
8.T0.13-31-j26-1.7.H,06:48:00,06:48:00,de:09564:1351:0:2,13,,0,0
8.T0.13-31-j26-1.7.H,06:49:00,06:49:00,de:09564:1350:0:2,14,,0,0
8.T0.13-31-j26-1.7.H,06:51:00,06:51:00,de:09564:1322:0:1,15,,0,0
8.T0.13-31-j26-1.7.H,06:53:00,06:53:00,de:09564:1301:13:3,16,,0,0
8.T0.13-31-j26-1.7.H,06:55:00,06:55:00,de:09564:1302:0:1,17,,0,0
8.T0.13-31-j26-1.7.H,06:56:00,06:56:00,de:09564:1296:0:1,18,,0,0
8.T0.13-31-j26-1.7.H,06:59:00,07:00:00,de:09564:1283:13:2,19,,0,0
8.T0.13-31-j26-1.7.H,06:34:00,06:34:00,de:09564:1376:0:1,2,,0,0
8.T0.13-31-j26-1.7.H,07:03:00,07:03:00,de:09564:1281:0:1,20,,0,0
8.T0.13-31-j26-1.7.H,07:04:00,07:04:00,de:09564:1305:0:1,21,,0,0
8.T0.13-31-j26-1.7.H,07:05:00,07:05:00,de:09564:1280:0:3,22,,0,0
8.T0.13-31-j26-1.7.H,07:07:00,07:07:00,de:09564:1279:0:1,23,,0,0
8.T0.13-31-j26-1.7.H,07:08:00,07:08:00,de:09564:1278:0:1,24,,0,0
8.T0.13-31-j26-1.7.H,07:09:00,07:09:00,de:09564:1277:0:1,25,,0,0
8.T0.13-31-j26-1.7.H,07:11:00,07:11:00,de:09564:1276:0:1,26,,0,0
8.T0.13-31-j26-1.7.H,07:12:00,07:12:00,de:09564:1275:0:41,27,,0,0
8.T0.13-31-j26-1.7.H,07:14:00,07:14:00,de:09564:1241:0:1,28,,0,0
8.T0.13-31-j26-1.7.H,07:15:00,07:15:00,de:09564:1242:0:1,29,,0,0
8.T0.13-31-j26-1.7.H,06:35:00,06:35:00,de:09564:1375:0:1,3,,0,0
8.T0.13-31-j26-1.7.H,07:17:00,07:17:00,de:09564:1274:0:2,30,,0,0
8.T0.13-31-j26-1.7.H,07:19:00,07:19:00,de:09564:1271:0:3,31,,0,0
8.T0.13-31-j26-1.7.H,07:20:00,07:20:00,de:09564:1270:0:1,32,,0,0
8.T0.13-31-j26-1.7.H,07:21:00,07:21:00,de:09564:1244:0:1,33,,0,0
8.T0.13-31-j26-1.7.H,07:22:00,07:22:00,de:09564:1308:0:1,34,,0,0
8.T0.13-31-j26-1.7.H,07:23:00,07:23:00,de:09564:1209:0:2,35,,0,0
8.T0.13-31-j26-1.7.H,07:24:00,07:24:00,de:09564:1263:0:1,36,,0,0
8.T0.13-31-j26-1.7.H,07:25:00,07:25:00,de:09564:1262:0:1,37,,0,0
8.T0.13-31-j26-1.7.H,07:26:00,07:26:00,de:09564:1261:0:1,38,,0,0
8.T0.13-31-j26-1.7.H,06:37:00,06:37:00,de:09564:1374:0:1,4,,0,0
8.T0.13-31-j26-1.7.H,06:38:00,06:38:00,de:09564:1373:0:1,5,,0,0
8.T0.13-31-j26-1.7.H,06:39:00,06:39:00,de:09564:1380:0:1,6,,0,0
8.T0.13-31-j26-1.7.H,06:40:00,06:40:00,de:09564:1398:0:1,7,,0,0
8.T0.13-31-j26-1.7.H,06:41:00,06:41:00,de:09564:1372:0:1,8,,0,0
8.T0.13-31-j26-1.7.H,06:43:00,06:43:00,de:09564:1356:13:2,9,,0,0
8.T0.13-44-j26-2.1.H,06:53:00,06:53:00,de:09564:510:3:D,1,,0,0
8.T0.13-44-j26-2.1.H,07:03:00,07:03:00,de:09564:455:0:1,10,,0,0
8.T0.13-44-j26-2.1.H,07:04:00,07:04:00,de:09564:454:0:1,11,,0,0
8.T0.13-44-j26-2.1.H,07:05:00,07:05:00,de:09564:1457:0:3,12,,0,0
8.T0.13-44-j26-2.1.H,07:06:00,07:06:00,de:09564:1454:0:1,13,,0,0
8.T0.13-44-j26-2.1.H,07:07:00,07:07:00,de:09564:1453:0:1,14,,0,0
8.T0.13-44-j26-2.1.H,07:09:00,07:09:00,de:09564:1452:0:1,15,,0,0
8.T0.13-44-j26-2.1.H,07:10:00,07:10:00,de:09564:1451:0:1,16,,0,0
8.T0.13-44-j26-2.1.H,07:11:00,07:11:00,de:09564:1448:0:1,17,,0,0
8.T0.13-44-j26-2.1.H,07:12:00,07:12:00,de:09564:1446:0:1,18,,0,0
8.T0.13-44-j26-2.1.H,07:19:00,07:19:00,de:09564:261:0:1,19,,0,0
8.T0.13-44-j26-2.1.H,06:55:00,06:55:00,de:09564:546:13:1,2,,0,0
8.T0.13-44-j26-2.1.H,07:20:00,07:20:00,de:09564:1672:0:2,20,,0,0
8.T0.13-44-j26-2.1.H,07:21:00,07:21:00,de:09564:1565:0:2,21,,0,0
8.T0.13-44-j26-2.1.H,07:22:00,07:22:00,de:09564:1566:0:2,22,,0,0
8.T0.13-44-j26-2.1.H,07:24:00,07:24:00,de:09564:1567:3:6,23,,0,0
8.T0.13-44-j26-2.1.H,06:56:00,06:56:00,de:09564:462:0:1,3,,0,0
8.T0.13-44-j26-2.1.H,06:57:00,06:57:00,de:09564:460:0:1,4,,0,0
8.T0.13-44-j26-2.1.H,06:58:00,06:58:00,de:09564:420:0:3,5,,0,0
8.T0.13-44-j26-2.1.H,06:59:00,06:59:00,de:09564:459:0:1,6,,0,0
8.T0.13-44-j26-2.1.H,07:00:00,07:00:00,de:09564:458:0:1,7,,0,0
8.T0.13-44-j26-2.1.H,07:01:00,07:01:00,de:09564:457:0:1,8,,0,0
8.T0.13-44-j26-2.1.H,07:02:00,07:02:00,de:09564:411:3:1,9,,0,0
9.T0.13-30-j26-2.13.H,06:58:00,06:58:00,de:09564:1335:13:8,1,,0,0
9.T0.13-30-j26-2.13.H,07:09:00,07:09:00,de:09564:1380:0:1,10,,0,0
9.T0.13-30-j26-2.13.H,07:10:00,07:10:00,de:09564:1398:0:1,11,,0,0
9.T0.13-30-j26-2.13.H,07:11:00,07:11:00,de:09564:1372:0:1,12,,0,0
9.T0.13-30-j26-2.13.H,07:13:00,07:13:00,de:09564:1356:13:2,13,,0,0
9.T0.13-30-j26-2.13.H,07:14:00,07:14:00,de:09564:1354:0:2,14,,0,0
9.T0.13-30-j26-2.13.H,07:15:00,07:15:00,de:09564:1353:0:2,15,,0,0
9.T0.13-30-j26-2.13.H,07:16:00,07:16:00,de:09564:1331:0:11,16,,0,0
9.T0.13-30-j26-2.13.H,07:18:00,07:18:00,de:09564:1351:0:2,17,,0,0
9.T0.13-30-j26-2.13.H,07:19:00,07:19:00,de:09564:1350:0:2,18,,0,0
9.T0.13-30-j26-2.13.H,07:21:00,07:21:00,de:09564:1287:0:3,19,,0,0
9.T0.13-30-j26-2.13.H,06:59:00,06:59:00,de:09564:1326:0:1,2,,0,0
9.T0.13-30-j26-2.13.H,07:23:00,07:23:00,de:09564:1396:0:1,20,,0,0
9.T0.13-30-j26-2.13.H,07:25:00,07:25:00,de:09564:1391:3:6,21,,0,0
9.T0.13-30-j26-2.13.H,07:27:00,07:27:00,de:09564:1400:0:1,22,,0,0
9.T0.13-30-j26-2.13.H,07:29:00,07:29:00,de:09564:1246:0:1,23,,0,0
9.T0.13-30-j26-2.13.H,07:30:00,07:30:00,de:09564:1313:0:1,24,,0,0
9.T0.13-30-j26-2.13.H,07:32:00,07:36:00,de:09564:1283:13:2,25,,0,0
9.T0.13-30-j26-2.13.H,07:39:00,07:39:00,de:09564:1280:0:1,26,,0,0
9.T0.13-30-j26-2.13.H,07:41:00,07:41:00,de:09564:1271:0:1,27,,0,0
9.T0.13-30-j26-2.13.H,07:42:00,07:42:00,de:09564:1274:0:1,28,,0,0
9.T0.13-30-j26-2.13.H,07:43:00,07:43:00,de:09564:1273:0:1,29,,0,0
9.T0.13-30-j26-2.13.H,07:00:00,07:00:00,de:09564:1334:0:1,3,,0,0
9.T0.13-30-j26-2.13.H,07:45:00,07:45:00,de:09564:1303:0:1,30,,0,0
9.T0.13-30-j26-2.13.H,07:51:00,07:51:00,de:09562:3473:0:1,31,,0,0
9.T0.13-30-j26-2.13.H,07:53:00,07:53:00,de:09562:3474:0:1,32,,0,0
9.T0.13-30-j26-2.13.H,07:54:00,07:54:00,de:09562:3475:0:1,33,,0,0
9.T0.13-30-j26-2.13.H,07:55:00,07:55:00,de:09562:3479:0:1,34,,0,0
9.T0.13-30-j26-2.13.H,07:56:00,07:56:00,de:09562:3480:0:1,35,,0,0
9.T0.13-30-j26-2.13.H,07:58:00,07:58:00,de:09562:3152:0:41,36,,0,0
9.T0.13-30-j26-2.13.H,08:00:00,08:00:00,de:09562:3151:0:2,37,,0,0
9.T0.13-30-j26-2.13.H,08:01:00,08:01:00,de:09562:3151:0:3,38,,0,0
9.T0.13-30-j26-2.13.H,07:01:00,07:01:00,de:09564:1333:0:3,4,,0,0
9.T0.13-30-j26-2.13.H,07:03:00,07:03:00,de:09564:1324:3:6,5,,0,0
9.T0.13-30-j26-2.13.H,07:04:00,07:04:00,de:09564:1376:0:1,6,,0,0
9.T0.13-30-j26-2.13.H,07:05:00,07:05:00,de:09564:1375:0:1,7,,0,0
9.T0.13-30-j26-2.13.H,07:07:00,07:07:00,de:09564:1374:0:1,8,,0,0
9.T0.13-30-j26-2.13.H,07:08:00,07:08:00,de:09564:1373:0:1,9,,0,0
9.T0.13-31-j26-1.7.H,06:53:00,06:53:00,de:09564:1324:3:6,1,,0,0
9.T0.13-31-j26-1.7.H,07:04:00,07:04:00,de:09564:1354:0:2,10,,0,0
9.T0.13-31-j26-1.7.H,07:05:00,07:05:00,de:09564:1353:0:2,11,,0,0
9.T0.13-31-j26-1.7.H,07:06:00,07:06:00,de:09564:1331:0:11,12,,0,0
9.T0.13-31-j26-1.7.H,07:08:00,07:08:00,de:09564:1351:0:2,13,,0,0
9.T0.13-31-j26-1.7.H,07:09:00,07:09:00,de:09564:1350:0:2,14,,0,0
9.T0.13-31-j26-1.7.H,07:11:00,07:11:00,de:09564:1322:0:1,15,,0,0
9.T0.13-31-j26-1.7.H,07:13:00,07:13:00,de:09564:1301:13:3,16,,0,0
9.T0.13-31-j26-1.7.H,07:15:00,07:15:00,de:09564:1302:0:1,17,,0,0
9.T0.13-31-j26-1.7.H,07:16:00,07:16:00,de:09564:1296:0:1,18,,0,0
9.T0.13-31-j26-1.7.H,07:19:00,07:20:00,de:09564:1283:13:2,19,,0,0
9.T0.13-31-j26-1.7.H,06:54:00,06:54:00,de:09564:1376:0:1,2,,0,0
9.T0.13-31-j26-1.7.H,07:23:00,07:23:00,de:09564:1281:0:1,20,,0,0
9.T0.13-31-j26-1.7.H,07:24:00,07:24:00,de:09564:1305:0:1,21,,0,0
9.T0.13-31-j26-1.7.H,07:25:00,07:25:00,de:09564:1280:0:3,22,,0,0
9.T0.13-31-j26-1.7.H,07:27:00,07:27:00,de:09564:1279:0:1,23,,0,0
9.T0.13-31-j26-1.7.H,07:28:00,07:28:00,de:09564:1278:0:1,24,,0,0
9.T0.13-31-j26-1.7.H,07:29:00,07:29:00,de:09564:1277:0:1,25,,0,0
9.T0.13-31-j26-1.7.H,07:31:00,07:31:00,de:09564:1276:0:1,26,,0,0
9.T0.13-31-j26-1.7.H,07:32:00,07:32:00,de:09564:1275:0:41,27,,0,0
9.T0.13-31-j26-1.7.H,07:34:00,07:34:00,de:09564:1241:0:1,28,,0,0
9.T0.13-31-j26-1.7.H,07:35:00,07:35:00,de:09564:1242:0:1,29,,0,0
9.T0.13-31-j26-1.7.H,06:55:00,06:55:00,de:09564:1375:0:1,3,,0,0
9.T0.13-31-j26-1.7.H,07:37:00,07:37:00,de:09564:1274:0:2,30,,0,0
9.T0.13-31-j26-1.7.H,07:39:00,07:39:00,de:09564:1271:0:3,31,,0,0
9.T0.13-31-j26-1.7.H,07:40:00,07:40:00,de:09564:1270:0:1,32,,0,0
9.T0.13-31-j26-1.7.H,07:41:00,07:41:00,de:09564:1244:0:1,33,,0,0
9.T0.13-31-j26-1.7.H,07:42:00,07:42:00,de:09564:1308:0:1,34,,0,0
9.T0.13-31-j26-1.7.H,07:43:00,07:43:00,de:09564:1209:0:2,35,,0,0
9.T0.13-31-j26-1.7.H,07:44:00,07:44:00,de:09564:1263:0:1,36,,0,0
9.T0.13-31-j26-1.7.H,07:45:00,07:45:00,de:09564:1262:0:1,37,,0,0
9.T0.13-31-j26-1.7.H,07:46:00,07:46:00,de:09564:1261:0:1,38,,0,0
9.T0.13-31-j26-1.7.H,06:57:00,06:57:00,de:09564:1374:0:1,4,,0,0
9.T0.13-31-j26-1.7.H,06:58:00,06:58:00,de:09564:1373:0:1,5,,0,0
9.T0.13-31-j26-1.7.H,06:59:00,06:59:00,de:09564:1380:0:1,6,,0,0
9.T0.13-31-j26-1.7.H,07:00:00,07:00:00,de:09564:1398:0:1,7,,0,0
9.T0.13-31-j26-1.7.H,07:01:00,07:01:00,de:09564:1372:0:1,8,,0,0
9.T0.13-31-j26-1.7.H,07:03:00,07:03:00,de:09564:1356:13:2,9,,0,0
9.T0.13-43-j26-2.5.H,06:28:00,06:28:00,de:09564:510:3:D,1,,0,0
9.T0.13-43-j26-2.5.H,06:38:00,06:38:00,de:09564:455:0:1,10,,0,0
9.T0.13-43-j26-2.5.H,06:39:00,06:39:00,de:09564:454:0:1,11,,0,0
9.T0.13-43-j26-2.5.H,06:41:00,06:41:00,de:09564:1457:0:1,12,,0,0
9.T0.13-43-j26-2.5.H,06:42:00,06:42:00,de:09564:1458:0:1,13,,0,0
9.T0.13-43-j26-2.5.H,06:43:00,06:43:00,de:09564:1459:0:41,14,,0,0
9.T0.13-43-j26-2.5.H,06:44:00,06:44:00,de:09564:1460:0:1,15,,0,0
9.T0.13-43-j26-2.5.H,06:45:00,06:45:00,de:09564:453:0:41,16,,0,0
9.T0.13-43-j26-2.5.H,06:30:00,06:30:00,de:09564:546:13:1,2,,0,0
9.T0.13-43-j26-2.5.H,06:31:00,06:31:00,de:09564:462:0:1,3,,0,0
9.T0.13-43-j26-2.5.H,06:32:00,06:32:00,de:09564:460:0:1,4,,0,0
9.T0.13-43-j26-2.5.H,06:33:00,06:33:00,de:09564:420:0:3,5,,0,0
9.T0.13-43-j26-2.5.H,06:34:00,06:34:00,de:09564:459:0:1,6,,0,0
9.T0.13-43-j26-2.5.H,06:35:00,06:35:00,de:09564:458:0:1,7,,0,0
9.T0.13-43-j26-2.5.H,06:36:00,06:36:00,de:09564:457:0:1,8,,0,0
9.T0.13-43-j26-2.5.H,06:37:00,06:37:00,de:09564:411:3:1,9,,0,0
9.T0.13-44-j26-2.2.H,07:03:00,07:03:00,de:09564:510:3:D,1,,0,0
9.T0.13-44-j26-2.2.H,07:13:00,07:13:00,de:09564:455:0:1,10,,0,0
9.T0.13-44-j26-2.2.H,07:14:00,07:14:00,de:09564:454:0:1,11,,0,0
9.T0.13-44-j26-2.2.H,07:15:00,07:15:00,de:09564:1457:0:3,12,,0,0
9.T0.13-44-j26-2.2.H,07:16:00,07:16:00,de:09564:1454:0:1,13,,0,0
9.T0.13-44-j26-2.2.H,07:17:00,07:17:00,de:09564:1453:0:1,14,,0,0
9.T0.13-44-j26-2.2.H,07:19:00,07:19:00,de:09564:1452:0:1,15,,0,0
9.T0.13-44-j26-2.2.H,07:20:00,07:20:00,de:09564:1451:0:1,16,,0,0
9.T0.13-44-j26-2.2.H,07:21:00,07:21:00,de:09564:1448:0:1,17,,0,0
9.T0.13-44-j26-2.2.H,07:22:00,07:22:00,de:09564:1446:0:1,18,,0,0
9.T0.13-44-j26-2.2.H,07:23:00,07:23:00,de:09564:1445:0:1,19,,0,0
9.T0.13-44-j26-2.2.H,07:05:00,07:05:00,de:09564:546:13:1,2,,0,0
9.T0.13-44-j26-2.2.H,07:06:00,07:06:00,de:09564:462:0:1,3,,0,0
9.T0.13-44-j26-2.2.H,07:07:00,07:07:00,de:09564:460:0:1,4,,0,0
9.T0.13-44-j26-2.2.H,07:08:00,07:08:00,de:09564:420:0:3,5,,0,0
9.T0.13-44-j26-2.2.H,07:09:00,07:09:00,de:09564:459:0:1,6,,0,0
9.T0.13-44-j26-2.2.H,07:10:00,07:10:00,de:09564:458:0:1,7,,0,0
9.T0.13-44-j26-2.2.H,07:11:00,07:11:00,de:09564:457:0:1,8,,0,0
9.T0.13-44-j26-2.2.H,07:12:00,07:12:00,de:09564:411:3:1,9,,0,0
93.T0.13-44-j26-2.3.R,06:35:00,06:35:00,de:09564:1567:3:11,1,,0,0
93.T0.13-44-j26-2.3.R,06:50:00,06:50:00,de:09564:1453:0:2,10,,0,0
93.T0.13-44-j26-2.3.R,06:51:00,06:51:00,de:09564:1454:0:2,11,,0,0
93.T0.13-44-j26-2.3.R,06:52:00,06:52:00,de:09564:1457:0:4,12,,0,0
93.T0.13-44-j26-2.3.R,06:53:00,06:53:00,de:09564:454:0:2,13,,0,0
93.T0.13-44-j26-2.3.R,06:54:00,06:54:00,de:09564:455:0:2,14,,0,0
93.T0.13-44-j26-2.3.R,06:55:00,06:55:00,de:09564:411:3:2,15,,0,0
93.T0.13-44-j26-2.3.R,06:56:00,06:56:00,de:09564:457:0:2,16,,0,0
93.T0.13-44-j26-2.3.R,06:57:00,06:57:00,de:09564:458:0:2,17,,0,0
93.T0.13-44-j26-2.3.R,06:58:00,06:58:00,de:09564:459:0:2,18,,0,0
93.T0.13-44-j26-2.3.R,06:59:00,06:59:00,de:09564:420:0:4,19,,0,0
93.T0.13-44-j26-2.3.R,06:36:00,06:36:00,de:09564:1566:0:1,2,,0,0
93.T0.13-44-j26-2.3.R,07:00:00,07:00:00,de:09564:460:0:2,20,,0,0
93.T0.13-44-j26-2.3.R,07:01:00,07:01:00,de:09564:462:0:2,21,,0,0
93.T0.13-44-j26-2.3.R,07:02:00,07:02:00,de:09564:546:13:2,22,,0,0
93.T0.13-44-j26-2.3.R,07:04:00,07:04:00,de:09564:510:3:D,23,,0,0
93.T0.13-44-j26-2.3.R,06:37:00,06:37:00,de:09564:1565:0:1,3,,0,0
93.T0.13-44-j26-2.3.R,06:38:00,06:38:00,de:09564:1672:0:1,4,,0,0
93.T0.13-44-j26-2.3.R,06:39:00,06:39:00,de:09564:261:0:1,5,,0,0
93.T0.13-44-j26-2.3.R,06:46:00,06:46:00,de:09564:1446:0:2,6,,0,0
93.T0.13-44-j26-2.3.R,06:47:00,06:47:00,de:09564:1448:0:2,7,,0,0
93.T0.13-44-j26-2.3.R,06:48:00,06:48:00,de:09564:1451:0:2,8,,0,0
93.T0.13-44-j26-2.3.R,06:49:00,06:49:00,de:09564:1452:0:2,9,,0,0
94.T0.13-44-j26-2.4.R,06:36:00,06:36:00,de:09564:1445:0:1,1,,0,0
94.T0.13-44-j26-2.4.R,06:44:00,06:44:00,de:09564:455:0:2,10,,0,0
94.T0.13-44-j26-2.4.R,06:45:00,06:45:00,de:09564:411:3:2,11,,0,0
94.T0.13-44-j26-2.4.R,06:46:00,06:46:00,de:09564:457:0:2,12,,0,0
94.T0.13-44-j26-2.4.R,06:47:00,06:47:00,de:09564:458:0:2,13,,0,0
94.T0.13-44-j26-2.4.R,06:48:00,06:48:00,de:09564:459:0:2,14,,0,0
94.T0.13-44-j26-2.4.R,06:49:00,06:49:00,de:09564:420:0:4,15,,0,0
94.T0.13-44-j26-2.4.R,06:50:00,06:50:00,de:09564:460:0:2,16,,0,0
94.T0.13-44-j26-2.4.R,06:51:00,06:51:00,de:09564:462:0:2,17,,0,0
94.T0.13-44-j26-2.4.R,06:52:00,06:52:00,de:09564:546:13:2,18,,0,0
94.T0.13-44-j26-2.4.R,06:54:00,06:54:00,de:09564:510:3:D,19,,0,0
94.T0.13-44-j26-2.4.R,06:36:00,06:36:00,de:09564:1446:0:2,2,,0,0
94.T0.13-44-j26-2.4.R,06:37:00,06:37:00,de:09564:1448:0:2,3,,0,0
94.T0.13-44-j26-2.4.R,06:38:00,06:38:00,de:09564:1451:0:2,4,,0,0
94.T0.13-44-j26-2.4.R,06:39:00,06:39:00,de:09564:1452:0:2,5,,0,0
94.T0.13-44-j26-2.4.R,06:40:00,06:40:00,de:09564:1453:0:2,6,,0,0
94.T0.13-44-j26-2.4.R,06:41:00,06:41:00,de:09564:1454:0:2,7,,0,0
94.T0.13-44-j26-2.4.R,06:42:00,06:42:00,de:09564:1457:0:4,8,,0,0
94.T0.13-44-j26-2.4.R,06:43:00,06:43:00,de:09564:454:0:2,9,,0,0
95.T0.13-44-j26-2.3.R,06:55:00,06:55:00,de:09564:1567:3:11,1,,0,0
95.T0.13-44-j26-2.3.R,07:10:00,07:10:00,de:09564:1453:0:2,10,,0,0
95.T0.13-44-j26-2.3.R,07:11:00,07:11:00,de:09564:1454:0:2,11,,0,0
95.T0.13-44-j26-2.3.R,07:12:00,07:12:00,de:09564:1457:0:4,12,,0,0
95.T0.13-44-j26-2.3.R,07:13:00,07:13:00,de:09564:454:0:2,13,,0,0
95.T0.13-44-j26-2.3.R,07:14:00,07:14:00,de:09564:455:0:2,14,,0,0
95.T0.13-44-j26-2.3.R,07:15:00,07:15:00,de:09564:411:3:2,15,,0,0
95.T0.13-44-j26-2.3.R,07:16:00,07:16:00,de:09564:457:0:2,16,,0,0
95.T0.13-44-j26-2.3.R,07:17:00,07:17:00,de:09564:458:0:2,17,,0,0
95.T0.13-44-j26-2.3.R,07:18:00,07:18:00,de:09564:459:0:2,18,,0,0
95.T0.13-44-j26-2.3.R,07:19:00,07:19:00,de:09564:420:0:4,19,,0,0
95.T0.13-44-j26-2.3.R,06:56:00,06:56:00,de:09564:1566:0:1,2,,0,0
95.T0.13-44-j26-2.3.R,07:20:00,07:20:00,de:09564:460:0:2,20,,0,0
95.T0.13-44-j26-2.3.R,07:21:00,07:21:00,de:09564:462:0:2,21,,0,0
95.T0.13-44-j26-2.3.R,07:22:00,07:22:00,de:09564:546:13:2,22,,0,0
95.T0.13-44-j26-2.3.R,07:24:00,07:24:00,de:09564:510:3:D,23,,0,0
95.T0.13-44-j26-2.3.R,06:57:00,06:57:00,de:09564:1565:0:1,3,,0,0
95.T0.13-44-j26-2.3.R,06:58:00,06:58:00,de:09564:1672:0:1,4,,0,0
95.T0.13-44-j26-2.3.R,06:59:00,06:59:00,de:09564:261:0:1,5,,0,0
95.T0.13-44-j26-2.3.R,07:06:00,07:06:00,de:09564:1446:0:2,6,,0,0
95.T0.13-44-j26-2.3.R,07:07:00,07:07:00,de:09564:1448:0:2,7,,0,0
95.T0.13-44-j26-2.3.R,07:08:00,07:08:00,de:09564:1451:0:2,8,,0,0
95.T0.13-44-j26-2.3.R,07:09:00,07:09:00,de:09564:1452:0:2,9,,0,0
96.T0.13-44-j26-2.4.R,06:56:00,06:56:00,de:09564:1445:0:1,1,,0,0
96.T0.13-44-j26-2.4.R,07:04:00,07:04:00,de:09564:455:0:2,10,,0,0
96.T0.13-44-j26-2.4.R,07:05:00,07:05:00,de:09564:411:3:2,11,,0,0
96.T0.13-44-j26-2.4.R,07:06:00,07:06:00,de:09564:457:0:2,12,,0,0
96.T0.13-44-j26-2.4.R,07:07:00,07:07:00,de:09564:458:0:2,13,,0,0
96.T0.13-44-j26-2.4.R,07:08:00,07:08:00,de:09564:459:0:2,14,,0,0
96.T0.13-44-j26-2.4.R,07:09:00,07:09:00,de:09564:420:0:4,15,,0,0
96.T0.13-44-j26-2.4.R,07:10:00,07:10:00,de:09564:460:0:2,16,,0,0
96.T0.13-44-j26-2.4.R,07:11:00,07:11:00,de:09564:462:0:2,17,,0,0
96.T0.13-44-j26-2.4.R,07:12:00,07:12:00,de:09564:546:13:2,18,,0,0
96.T0.13-44-j26-2.4.R,07:14:00,07:14:00,de:09564:510:3:D,19,,0,0
96.T0.13-44-j26-2.4.R,06:56:00,06:56:00,de:09564:1446:0:2,2,,0,0
96.T0.13-44-j26-2.4.R,06:57:00,06:57:00,de:09564:1448:0:2,3,,0,0
96.T0.13-44-j26-2.4.R,06:58:00,06:58:00,de:09564:1451:0:2,4,,0,0
96.T0.13-44-j26-2.4.R,06:59:00,06:59:00,de:09564:1452:0:2,5,,0,0
96.T0.13-44-j26-2.4.R,07:00:00,07:00:00,de:09564:1453:0:2,6,,0,0
96.T0.13-44-j26-2.4.R,07:01:00,07:01:00,de:09564:1454:0:2,7,,0,0
96.T0.13-44-j26-2.4.R,07:02:00,07:02:00,de:09564:1457:0:4,8,,0,0
96.T0.13-44-j26-2.4.R,07:03:00,07:03:00,de:09564:454:0:2,9,,0,0
97.T0.13-44-j26-2.3.R,07:15:00,07:15:00,de:09564:1567:3:11,1,,0,0
97.T0.13-44-j26-2.3.R,07:30:00,07:30:00,de:09564:1453:0:2,10,,0,0
97.T0.13-44-j26-2.3.R,07:31:00,07:31:00,de:09564:1454:0:2,11,,0,0
97.T0.13-44-j26-2.3.R,07:32:00,07:32:00,de:09564:1457:0:4,12,,0,0
97.T0.13-44-j26-2.3.R,07:33:00,07:33:00,de:09564:454:0:2,13,,0,0
97.T0.13-44-j26-2.3.R,07:34:00,07:34:00,de:09564:455:0:2,14,,0,0
97.T0.13-44-j26-2.3.R,07:35:00,07:35:00,de:09564:411:3:2,15,,0,0
97.T0.13-44-j26-2.3.R,07:36:00,07:36:00,de:09564:457:0:2,16,,0,0
97.T0.13-44-j26-2.3.R,07:37:00,07:37:00,de:09564:458:0:2,17,,0,0
97.T0.13-44-j26-2.3.R,07:38:00,07:38:00,de:09564:459:0:2,18,,0,0
97.T0.13-44-j26-2.3.R,07:39:00,07:39:00,de:09564:420:0:4,19,,0,0
97.T0.13-44-j26-2.3.R,07:16:00,07:16:00,de:09564:1566:0:1,2,,0,0
97.T0.13-44-j26-2.3.R,07:40:00,07:40:00,de:09564:460:0:2,20,,0,0
97.T0.13-44-j26-2.3.R,07:41:00,07:41:00,de:09564:462:0:2,21,,0,0
97.T0.13-44-j26-2.3.R,07:42:00,07:42:00,de:09564:546:13:2,22,,0,0
97.T0.13-44-j26-2.3.R,07:44:00,07:44:00,de:09564:510:3:D,23,,0,0
97.T0.13-44-j26-2.3.R,07:17:00,07:17:00,de:09564:1565:0:1,3,,0,0
97.T0.13-44-j26-2.3.R,07:18:00,07:18:00,de:09564:1672:0:1,4,,0,0
97.T0.13-44-j26-2.3.R,07:19:00,07:19:00,de:09564:261:0:1,5,,0,0
97.T0.13-44-j26-2.3.R,07:26:00,07:26:00,de:09564:1446:0:2,6,,0,0
97.T0.13-44-j26-2.3.R,07:27:00,07:27:00,de:09564:1448:0:2,7,,0,0
97.T0.13-44-j26-2.3.R,07:28:00,07:28:00,de:09564:1451:0:2,8,,0,0
97.T0.13-44-j26-2.3.R,07:29:00,07:29:00,de:09564:1452:0:2,9,,0,0
98.T0.13-44-j26-2.4.R,07:16:00,07:16:00,de:09564:1445:0:1,1,,0,0
98.T0.13-44-j26-2.4.R,07:24:00,07:24:00,de:09564:455:0:2,10,,0,0
98.T0.13-44-j26-2.4.R,07:25:00,07:25:00,de:09564:411:3:2,11,,0,0
98.T0.13-44-j26-2.4.R,07:26:00,07:26:00,de:09564:457:0:2,12,,0,0
98.T0.13-44-j26-2.4.R,07:27:00,07:27:00,de:09564:458:0:2,13,,0,0
98.T0.13-44-j26-2.4.R,07:28:00,07:28:00,de:09564:459:0:2,14,,0,0
98.T0.13-44-j26-2.4.R,07:29:00,07:29:00,de:09564:420:0:4,15,,0,0
98.T0.13-44-j26-2.4.R,07:30:00,07:30:00,de:09564:460:0:2,16,,0,0
98.T0.13-44-j26-2.4.R,07:31:00,07:31:00,de:09564:462:0:2,17,,0,0
98.T0.13-44-j26-2.4.R,07:32:00,07:32:00,de:09564:546:13:2,18,,0,0
98.T0.13-44-j26-2.4.R,07:34:00,07:34:00,de:09564:510:3:D,19,,0,0
98.T0.13-44-j26-2.4.R,07:16:00,07:16:00,de:09564:1446:0:2,2,,0,0
98.T0.13-44-j26-2.4.R,07:17:00,07:17:00,de:09564:1448:0:2,3,,0,0
98.T0.13-44-j26-2.4.R,07:18:00,07:18:00,de:09564:1451:0:2,4,,0,0
98.T0.13-44-j26-2.4.R,07:19:00,07:19:00,de:09564:1452:0:2,5,,0,0
98.T0.13-44-j26-2.4.R,07:20:00,07:20:00,de:09564:1453:0:2,6,,0,0
98.T0.13-44-j26-2.4.R,07:21:00,07:21:00,de:09564:1454:0:2,7,,0,0
98.T0.13-44-j26-2.4.R,07:22:00,07:22:00,de:09564:1457:0:4,8,,0,0
98.T0.13-44-j26-2.4.R,07:23:00,07:23:00,de:09564:454:0:2,9,,0,0
99.T0.13-44-j26-2.3.R,07:35:00,07:35:00,de:09564:1567:3:11,1,,0,0
99.T0.13-44-j26-2.3.R,07:50:00,07:50:00,de:09564:1453:0:2,10,,0,0
99.T0.13-44-j26-2.3.R,07:51:00,07:51:00,de:09564:1454:0:2,11,,0,0
99.T0.13-44-j26-2.3.R,07:52:00,07:52:00,de:09564:1457:0:4,12,,0,0
99.T0.13-44-j26-2.3.R,07:53:00,07:53:00,de:09564:454:0:2,13,,0,0
99.T0.13-44-j26-2.3.R,07:54:00,07:54:00,de:09564:455:0:2,14,,0,0
99.T0.13-44-j26-2.3.R,07:55:00,07:55:00,de:09564:411:3:2,15,,0,0
99.T0.13-44-j26-2.3.R,07:56:00,07:56:00,de:09564:457:0:2,16,,0,0
99.T0.13-44-j26-2.3.R,07:57:00,07:57:00,de:09564:458:0:2,17,,0,0
99.T0.13-44-j26-2.3.R,07:58:00,07:58:00,de:09564:459:0:2,18,,0,0
99.T0.13-44-j26-2.3.R,07:59:00,07:59:00,de:09564:420:0:4,19,,0,0
99.T0.13-44-j26-2.3.R,07:36:00,07:36:00,de:09564:1566:0:1,2,,0,0
99.T0.13-44-j26-2.3.R,08:00:00,08:00:00,de:09564:460:0:2,20,,0,0
99.T0.13-44-j26-2.3.R,08:01:00,08:01:00,de:09564:462:0:2,21,,0,0
99.T0.13-44-j26-2.3.R,08:02:00,08:02:00,de:09564:546:13:2,22,,0,0
99.T0.13-44-j26-2.3.R,08:04:00,08:04:00,de:09564:510:3:D,23,,0,0
99.T0.13-44-j26-2.3.R,07:37:00,07:37:00,de:09564:1565:0:1,3,,0,0
99.T0.13-44-j26-2.3.R,07:38:00,07:38:00,de:09564:1672:0:1,4,,0,0
99.T0.13-44-j26-2.3.R,07:39:00,07:39:00,de:09564:261:0:1,5,,0,0
99.T0.13-44-j26-2.3.R,07:46:00,07:46:00,de:09564:1446:0:2,6,,0,0
99.T0.13-44-j26-2.3.R,07:47:00,07:47:00,de:09564:1448:0:2,7,,0,0
99.T0.13-44-j26-2.3.R,07:48:00,07:48:00,de:09564:1451:0:2,8,,0,0
99.T0.13-44-j26-2.3.R,07:49:00,07:49:00,de:09564:1452:0:2,9,,0,0
